BLA-Insc-3_C01,BLA-Insc-3_C02,BLA-Insc-3_C03,BLA-Insc-3_C04,BLA-Insc-3_C05,BLA-Insc-3_C06,BLA-Insc-3_C07,BLA-Insc-3_C08,BLA-Insc-3_C09,BLA-Insc-3_C10,BLA-Insc-3_C11,BLA-Insc-3_C12,BLA-Insc-6_C01,BLA-Insc-6_C02,BLA-Insc-6_C03,BLA-Insc-6_C04,BLA-Insc-6_C05,BLA-Insc-6_C06,BLA-Insc-6_C07,BLA-Insc-6_C08,BLA-Insc-6_C09,BLA-Insc-6_C10,BLA-Insc-6_C11,BLA-Insc-6_C12,BLA-Insc-6_C13
3.1681625,0.73672475,4.482802,0.8326152499999999,1.583389,0.082852992,-0.3782295,-1.1800035,0.87012535,1.0814212,4.2202905,0.51079725,-2.338662,11.8234,-2.117743,-2.9014,17.89025,3.501898,-12.80979,-19.18502,22.86208,1.39295,-1.29675,22.77105,31.85535
2.6603760000000003,1.7393165000000002,3.6409895,0.91924301,1.976905,0.0692023999999999,0.6300512500000001,0.4525643499999999,1.62941,-1.1092680499999998,3.451126,1.05488625,-0.9373404,10.87897,-1.27678,-3.850764,16.52767,1.889204,-13.4828,-20.49472,21.44534,2.467789,2.371178,23.33857,30.28968
2.8890225000000003,1.379402,3.388817,1.01892035,2.004504,-0.26972355,-0.2248019499999999,0.35950405,1.30696135,0.3211362299999999,2.9596305000000003,0.094438445,-0.9634358,9.705259,-3.372524,-1.905742,15.63515,2.073939,-13.3971,-19.07322,18.58826,-0.06181314,2.632201,23.80912,28.77863
2.3660125,2.0048335,4.448121,1.5369345,2.7317095,0.1827044,-1.17443725,-0.143077,2.353499,-0.13868155,2.753675,1.11710305,-3.109634,11.5226,-3.06967,-0.8023392,14.16627,4.047706,-11.53552,-20.36926,16.57613,0.9553876,0.8873396,25.40563,32.06982
0.378607525,1.04694615,4.0049835,1.0649815,1.43848805,0.273062355,-0.3809701,-0.0333287,1.23486775,0.70586805,3.846413,1.496638,-4.262753,10.73236,-0.477864,-1.661048,13.5504,4.707274,-12.48765,-20.76225,16.90831,1.699261,1.447844,23.33202,30.46057
2.3935145,0.8034202300000001,4.065528,0.99326225,1.737672,0.2499538999999999,0.0367692499999999,-0.2892410000000001,1.6281305,0.16750051,3.18405,0.2012675,-2.298422,9.282636,-3.331993,-0.2077493,13.55787,2.037176,-14.98735,-22.36705,14.64525,0.9122043,0.4068212,23.20117,30.34448
0.79946615,1.9848965,4.4812275,1.2298385,0.8339501,-0.9064845,-0.105161,-0.547587,1.2953,-0.1230281499999999,4.021459999999999,0.124451655,-3.432401,11.05562,-1.453677,-0.4909548,10.6497,1.510834,-12.03504,-20.79162,14.12244,2.077929,2.026561,19.01704,33.64621
1.5158475,1.0209224,4.0955355,1.7896923,2.7001600000000003,-0.49752375,-1.341873,-0.4862004,0.74251425,1.3659447,3.8416995,-0.0529344,-3.559955,8.27219,-2.95505,1.096736,8.346354,2.446836,-12.67062,-20.34584,12.36352,1.70716,1.099103,18.4861,33.99006
2.5955315,0.3004997,5.1205375,1.238971,3.718379,0.6118401,-0.4846264,-0.7984081000000001,0.8744893499999999,0.1362597,4.078067,1.7520658,-4.399943,8.40871,-1.700468,0.3149052,6.995992,2.033849,-14.56723,-21.7573,12.10766,0.01565122,0.219347,15.1902,33.3898
1.1843015,1.5504755,3.2106075,1.933675,1.941402,0.4775532999999999,-0.36029985,0.4698478,1.2694219,-0.8078735,2.0703415,1.9746989,-2.836869,6.620414,-2.744998,-0.6262349,7.802989,3.052763,-15.4108,-21.78278,10.28092,-0.4363527,0.7232863,13.19021,37.19267
2.574288,1.7533135,2.946026,2.754052,3.2333285,-1.00169615,-0.4371091,0.52173655,1.5413234999999998,-0.1973285,4.065264,1.8053543,-2.497016,7.66316,-1.325079,0.07557158,5.918165,0.9934523,-15.73644,-22.29956,9.246512,1.64761,0.7000118,13.68302,35.73436
2.327769,1.5275065,4.1561295000000005,1.4678144999999998,1.898182,0.54117745,-0.8525851,-0.84109615,0.5777224000000001,1.46458965,3.769345,0.15143285,-2.696758,5.918095,-3.397204,-0.3699856,7.660953,1.497698,-15.4565,-21.61266,11.58396,0.6154659,-1.013774,11.87503,36.7639
0.8504972500000001,1.6423545000000002,3.1430445,1.04293555,2.889495,0.8358171000000001,-0.4460729,-0.1439702,1.0581527,-0.8422742999999999,4.72046,1.28119785,-3.554143,6.745453,-3.462522,-0.8180802,6.072402,1.62128,-15.41269,-22.8018,8.389262,2.808465,1.076557,12.23479,34.89552
1.969714,2.6474945,4.293239,1.261558,2.784279,-0.272130415,-0.8258989999999999,-0.12273545,1.680513,0.4181002,4.033721,0.323426,-5.301412,6.43964,-2.386611,0.2209772,6.382682,2.623986,-16.15969,-22.43777,7.531206,0.2188555,2.569062,14.04387,38.32408
2.2398905,1.18486965,4.2531575,2.158269,3.687928,1.8370355,-0.8339667500000001,-0.3284540999999999,0.95383245,0.0040684999999999,2.115138,2.5489394,-5.469239,7.81279,-2.50147,-1.22792,6.54297,1.2277,-15.06623,-21.23752,7.745525,0.6919605,1.217047,13.82303,36.83712
1.7893583,1.80327965,3.9664125,1.616815,3.150966,1.14937117,-1.3732155,-0.845516405,0.58060135,0.189399435,2.521784,1.2666006,-3.956564,8.076438,-4.58819,-0.6637993,8.369073,1.670071,-13.81917,-21.23261,6.501045,-0.9355175,-0.8474528,11.26903,35.71478
1.5644559,1.72043,4.062596,1.3366825,2.899729,-0.04552745,-0.4032647,0.3123903,1.3737585,0.52516595,3.5492515000000004,1.83611365,-6.678459,8.832405,-1.948429,1.442109,6.580576,1.324486,-14.86266,-20.66835,4.512349,0.8759043,0.2775977,12.56345,33.90433
2.555991,1.3010134,3.5010075,2.523323,2.7852575,-0.164007315,-0.6025402,-0.7180644,0.8895884,-0.6969615,3.0677895,1.9851307,-8.977856,10.43491,-2.992966,-0.695676,7.308442,2.272918,-13.9944,-20.58338,4.341515,1.808293,-0.4180834,13.18358,32.19382
2.7348944,0.1710747,2.819892,1.426525,1.5618245,-0.09258477,-0.984335,-0.1486263,-0.2349806,-0.8794061000000001,2.1900045,0.1082394999999999,-8.551956,9.873036,-2.356008,1.415697,9.280282,-0.1308383,-6.461283,-14.37315,2.358142,1.550623,2.374126,15.72012,33.84
2.0918520000000003,0.3499032,4.6858955,2.176659,2.3728495,-0.1698311499999999,-1.37408525,-0.33756885,0.2294920449999999,0.7633823,3.570301,0.8520734999999999,-7.023001,11.49686,-0.08397175,4.136394,8.844315,2.309855,-9.614463,-5.483104,1.028104,0.9115698,2.402103,14.90019,33.84972
3.255859,1.5978131945,3.5432965000000003,2.45571,3.711912,0.00371665,-0.2452592499999999,0.9743639,0.8799338000000001,-0.1077086999999999,4.0546545,1.777143,-5.813307,7.869323,-3.445353,5.067462,12.24539,0.9470309,-7.836425,6.461523,1.418469,0.8003234,2.6264,16.51808,37.34999
3.437387,1.935821,3.882936500000001,2.3037135,2.6144855,-0.136901006,-0.6410957,0.519659475,0.61402595,-0.1196037,4.096296000000001,1.2425075,-6.715395,8.516509,-5.574639,6.243639,12.84451,0.8782961,-6.783422,20.66421,-1.103139,1.057621,1.434128,13.22141,35.44933
1.620988,1.48398535,5.3833495,1.06456505,1.7631930000000002,-0.49752175,-0.829433,-0.2373304,0.513073835,0.3234823,3.704303,1.59312055,-8.057477,7.465174,-3.993175,6.270154,12.26156,-0.4171798,-3.259323,29.238,-1.034786,1.262062,2.393409,14.10623,33.65358
0.8306908,1.154795,6.4466295,1.9903724,1.761836,0.6185414,-0.4717799,-0.0003226949999999,1.59112945,1.0677087,4.445539500000001,1.68102375,-10.82631,10.32217,-1.794849,9.338968,15.8417,0.3496236,-1.954777,36.15126,-2.814527,3.536124,1.838288,13.12086,31.95695
2.6613835,1.9350495,5.7563855,2.15678175,3.0309885000000003,0.2229102999999999,0.0975624,-0.1173261499999999,0.80587725,-0.062552,3.4003815,1.4101870499999998,-11.15915,11.6463,-1.190603,2.906611,13.14812,0.3036244,-3.230606,44.64091,-5.600002,1.046983,0.6376217,12.23964,30.35397
2.281808,-0.63384085,5.248158,0.8655232499999999,1.6308625,0.45262525,-1.4386391,-0.5600511499999999,0.49242966,-0.27393975,3.6146785,-0.087467,-10.30414,10.82265,-3.352833,2.792937,14.15937,0.9130595,-3.150947,55.45945,-6.129386,4.499833,0.9749295,12.26187,28.83948
2.8804105,2.16564715,4.717043,1.483121602,2.084452,0.180142,-1.7111925,-2.106684,0.6557489000000001,0.3122072489999999,4.295923,-0.0678409999999999,-12.02236,10.08162,-3.140636,1.071898,14.79161,1.025447,-3.365794,63.95423,-5.493449,1.957353,0.7244673,11.68681,27.40857
2.3592310000000003,2.8586020000000003,5.7729715,1.20824385,0.6285575,0.4753676635,-1.53086033,-1.3254405,1.6993585,-0.66364775,3.5473165,-1.079463,-8.325201,9.227792,0.758343,3.940686,12.79561,0.1358194,-3.311134,70.53224,-5.449595,3.096528,1.343556,13.69273,26.05666
3.2301405,1.05962,7.233477000000001,2.8329315000000004,2.090634,0.5320665550000001,-0.5757451699999999,-0.7500005999999999,1.761464,0.33844795,3.4263655,0.121058,-8.998627,10.10053,-0.957387,4.492426,12.98919,-1.495198,-0.2218133,73.19395,-6.788442,1.029035,2.348663,15.10072,31.47848
2.341658,2.705995,6.698773,2.2157545,1.43646895,0.55941325,0.0002755849999999,-0.2991357,1.69497965,0.8913673,2.54289,-0.4333577,-6.467222,9.376999,0.2870441,3.759331,11.98152,0.4145519,3.461541,69.17468,-8.155876,1.487962,1.177003,14.94236,31.55817
2.2364085,0.8132971499999999,4.304055,2.1196770000000003,1.935892,0.8814565,-2.767247,-2.159475,1.5679483,-0.0621542999999999,5.4595935,-0.7868433,-5.57171,7.472536,-2.171144,3.100322,14.22163,-0.1248564,8.301798,63.8379,-4.866912,1.470935,3.449033,17.37852,33.66773
1.820045,2.184174,4.099271,3.2097925,1.737566,0.15617585,-0.66253955,0.8510115,0.8826576,-0.8670231000000002,4.1816775,-0.6469509,-6.31018,7.027094,-2.597722,3.718426,11.43994,-0.1736826,6.70689,59.89993,-5.846899,2.752429,2.216664,16.84278,31.97034
2.4213055,1.8382865,4.0501055,1.94356995,1.0478174999999998,-0.039671,-0.3543764499999999,-1.4075757,1.860513,0.5174862,2.837178,-0.7467017250000001,-10.10987,10.15918,-1.049773,5.74697,12.85664,0.5013481,7.686665,50.16867,-7.55559,1.51082,2.115378,18.40523,30.36665
2.370234,1.3901315,3.8827805,1.0309856,0.8731243,0.0144806499999999,-2.277972,-1.4690547,0.5923542500000001,0.0950720499999999,3.8855865,-0.8768204000000002,-8.938701,9.308432,0.8294615,4.4378,11.13067,1.044477,5.095153,46.44267,-9.397416,1.427687,1.678118,16.54929,28.85147
2.6594855,0.840535845,4.748296,2.390075,0.8627929,-0.0532059999999999,0.06679025,-0.257581685,0.67161145,0.095067775,2.8077915,-1.83004365,-5.690111,6.03267,-1.589742,2.712253,10.97245,0.4823993,1.644334,48.66114,-6.06086,0.9063166,2.562159,14.72672,27.41992
2.3271230000000003,2.01429735,3.9852325,1.919947,1.2975880000000002,0.9672675,-0.6826353000000001,-2.3657255,-0.1349318,-0.16728481,1.950111,-1.3622122,-5.444948,5.690046,-1.879695,2.562951,11.52898,-1.731871,2.69685,43.19052,-4.121724,1.055355,1.934631,14.71063,33.33266
1.6150027,1.4192046500000002,3.85417865,3.369423,1.314780255,1.0255506445,1.50645525,-0.104406545,0.77904375,0.28900975,4.12166,-1.2148355999999998,-5.907731,6.758219,-2.665741,3.00316,9.373856,1.47854,11.24742,37.2888,-4.177098,-0.02488101,-0.3409064,14.57755,41.16241
2.9666715,0.507967,4.413028000000001,2.113032,0.883271855,0.370784145,-0.2951088,-2.5418045,-0.0020768,-1.90864975,5.0486355,-0.3096244999999999,-3.500068,5.721794,-2.978527,3.219987,10.69274,1.476904,8.82128,33.76121,-4.704566,0.3381779,-0.1242601,16.62124,39.40908
1.3052375,1.9777625,2.58284,2.5238955,1.7292492000000002,0.0155032999999999,0.1531444,-0.28534765,-0.02364145,-0.4943550000000001,2.4073915,-0.612538,-4.6703,6.849482,-2.138621,3.812378,8.629658,0.7612132,7.948308,31.42616,-5.444325,-0.07961836,0.6358684,15.64447,39.94434
0.77636235,0.73810745,1.0555949,2.041933,0.37788675,3.286895,0.2815516999999999,-0.4840563,0.96028455,-0.50359295,4.90485,-2.521779,-5.18314,6.939267,-2.757645,2.420873,9.021683,2.550663,9.495131,27.79736,-4.71841,0.5820912,1.084216,16.4241,39.91614
0.3576435,2.140054,0.9202481,2.848236,1.0238434,3.420455,-0.6857594,-1.4927410500000002,0.55444475,-0.0686453,5.3017125,-1.0255739,-5.316596,5.566071,-4.244037,1.937324,7.42732,2.93837,5.953959,25.37569,-4.905427,0.6286851,0.07846636,14.9403,37.88317
2.6110095,0.8507765,0.18347615,2.1415615,0.407780895,4.244177,-1.5529885,-1.47613025,0.33950375,0.3189979,3.9311105,-1.37279,-5.502788,6.009607,-2.650685,3.971261,6.804836,1.648501,4.862521,24.89114,-6.679868,0.850191,2.64892,13.74911,35.95311
3.484423,2.0506865,1.8807195,3.0659935000000003,1.5964152,4.104768,0.1262425,0.3438694,0.009202,-1.7412474,4.6237315,-0.4689746999999999,-6.057276,7.071791,-2.265052,3.548392,5.723999,2.339683,4.552663,26.45881,-5.693889,1.629133,2.855577,12.14956,34.15464
1.680538,1.07418945,2.971788,2.526602,2.0097255,1.9476114,-0.2321153,-0.5892736,0.3698791,-0.60827495,4.087679,-0.07040495,-5.057571,5.919577,-0.9713245,4.068233,8.035387,-1.168285,3.730424,26.64667,-4.745039,2.324918,2.005621,12.08881,37.85677
2.0657465,3.592724,1.6792585,3.0504395,2.60748,1.5328733,-0.6898608,-1.1328545,0.48097695,-0.096581695,3.80858,-0.32176675,-6.651801,6.240835,-3.800951,2.85707,7.27983,0.3103451,3.502355,24.27358,-6.569696,-0.1619089,0.5905255,11.42426,35.92815
2.3606675,1.61440825,2.4049810000000003,2.4556750000000003,1.976029,1.7617757,-1.995704,0.27019175,1.3268865,-0.43186665,4.5828965,-0.0032111499999999,-6.793137,6.85585,-1.54785,-0.08282116,7.638955,1.444255,-0.2734452,23.71453,-5.574127,2.630036,-1.939114,12.41299,39.37479
3.26942,3.462618,2.2624120000000003,3.008381,1.6416836,1.8160465,0.00011065,-1.2195256499999998,1.43651835,-0.66149075,4.8189005,0.3743300499999999,-4.960967,5.588324,-1.452259,1.857143,5.73961,1.018284,1.404332,22.38612,-3.093284,-1.456163,-0.08968327,9.423212,37.36527
3.2901655,2.4653402,2.445565,3.627844,1.3526295,1.5161965,-1.1859865,-0.32758535,1.967102,-0.24941585,4.298966,-1.0879402,-9.844673,7.089507,-1.565603,2.996603,6.527378,0.6496934,-0.2026808,20.71229,-5.021428,2.359513,-0.9877693,8.7785,35.46381
3.9403455,3.20606135,2.45181035,3.509138,1.5649193,1.02988775,-0.3403445999999999,-0.5452999999999999,1.467174,0.42968405,4.9542605,-1.07397295,-6.5595,7.874649,-0.1775486,2.50461,5.06398,2.370749,1.364136,21.3019,-4.8443,2.444738,-0.08081036,8.685042,33.6673
1.82435205,2.9473195,2.973805,4.9174885,2.13113,1.1273135,0.51071,0.117288265,2.7298145000000003,-1.3994025,4.279999,-0.7568980999999999,-5.86984,7.758117,-0.7246814,2.44843,5.397086,1.930526,-1.114686,18.6262,-4.813781,1.289546,2.547569,7.804733,31.96996
2.5401458,2.23429975,1.534144,2.7992865,2.01162085,1.3794388,-0.7129685,-1.09957225,2.1027,0.2532014999999999,4.647928,0.0302215,-7.58543,6.433372,0.2960927,1.859167,6.856288,0.8191418,-1.132415,22.02815,-5.794058,0.427539,0.3684766,7.486724,30.3663
2.793455,3.403671,1.567595,2.9494925,3.480928,0.095196,0.178811,-0.4444453500000001,1.0944503,1.04493385,3.5639775,-1.0541485,-7.517932,2.843489,-2.865904,2.395394,5.484282,2.220034,-15.00746,18.80057,-9.016326,2.807637,2.389994,10.08891,28.85116
1.880244,3.00500725,1.72411305,2.2896455,7.365746,-0.0144797,-0.5543950000000001,-0.303355,1.295257,1.14044575,2.712447,3.0531135,-5.334602,3.556208,-2.097064,1.675889,6.103426,0.5511501,-16.41467,19.46536,-9.661477,3.1444,2.332343,6.533675,27.41965
3.1917785,2.7745685,1.93700515,3.432393,6.1813755,0.06790635,-0.43976225,0.0230272649999999,1.22160005,-0.1489632,4.5060225,1.78590085,-5.229071,3.8443,-3.470683,2.608157,4.763216,0.7750089,-13.42197,21.00162,-8.809147,3.188697,3.404606,7.384443,26.06715
3.2081015,1.13733845,1.2883834,3.345067,5.573307499999999,-0.8873099,-0.27078944,-0.58897295,1.3216185,0.09865825,3.5498305,1.421846,-2.306289,4.324651,-2.276331,2.009308,7.943229,0.09592924,-8.582814,18.27796,-8.716833,1.859094,1.23694,7.269691,28.45663
3.1787215,2.8189035,1.306333,3.384803,4.6816770000000005,-0.39770845,-0.54284195,-0.0879485449999999,1.2958901150000002,0.5947083,3.6115865,1.024113,-4.264925,1.671513,-2.139612,1.080843,7.697474,1.079587,-6.846976,17.46872,-6.727937,-0.709704,3.817694,6.694894,31.46109
1.9567295,2.3113985,-0.345119625,2.4331235,3.1494075,0.5445924050000001,1.03658362,-0.96001535,1.48445685,-0.07512585,3.8103595,-1.1684385000000002,-4.484402,4.613482,-0.8558589,4.082636,17.26035,2.815267,-2.160316,11.55656,-8.507348,1.123502,0.6803507,8.984558,37.1573
2.0264230000000003,1.987289,0.8470806999999999,2.5859765,2.3647905,-0.46155355,-0.75095665,0.0109114999999999,0.96349482,0.282533545,3.787572,0.7985145,-5.257903,2.057516,-0.1519561,4.457083,36.34154,-0.8896509,-2.71775,11.09347,-12.16974,-0.5517423,0.6038972,9.036352,35.26729
2.0246515,2.298363,0.8205805,3.9212995,3.345438,-1.2921025,-0.8651843,-1.6773974500000002,1.2983265,0.2882297,4.090704499999999,1.4356045,-8.207529,2.026766,-3.079969,5.436689,44.20616,0.5178108,-6.002563,12.92711,-15.17899,-1.152507,-2.105928,8.24424,33.4816
3.1158185000000005,2.8603195,1.6516696,2.843866,2.63877785,-0.04327275,-1.17404265,-1.05224259,1.6568059000000002,1.69874765,4.087408,-0.4203019999999999,-7.205516,0.9080783,-3.968553,7.66302,52.67595,2.709789,-9.050107,15.46306,-16.3017,0.4378951,-1.585218,8.647739,31.79448
2.7985935,3.010829,0.73762135,2.4403930000000003,2.68280035,0.28745475,-1.4021515,-0.4332940249999999,1.24011125,0.1128055,4.6543475,0.334943,-8.079443,2.0025,-4.017915,7.659807,51.41952,1.48877,-8.601469,12.8761,-19.1344,1.436099,-0.9641931,9.03455,30.20048
3.524784,2.329078,2.4182405,2.9813235,2.9173711,0.0576734499999999,-1.3693900499999998,-0.4373603499999999,0.77487565,0.22034544,4.645728,1.1688817,-8.147557,3.10445,-4.952761,10.695,48.16261,1.177698,-9.719733,12.27035,-18.47742,1.537795,1.059515,7.900359,28.71637
3.3563325,1.6205865,2.3120935,3.5341515,3.7954035,0.39317445,-1.0078651079999998,-0.404215,-0.4202864,-0.3742972999999999,3.13473,0.049111,-7.334126,1.460635,-3.023398,12.11149,43.58181,1.527228,-9.077037,16.08382,-15.61086,0.1860797,-0.6402498,10.29464,27.31164
2.8604225,3.2929205,2.340255,3.6551855,4.5408945,-0.37346965,-0.8249504999999999,-1.167124515,-0.27447425,-1.3161381,3.1182575,0.763434,-6.581332,1.470789,-2.023911,12.07842,42.92536,2.781798,-11.14861,16.1753,-18.27105,1.857743,1.222868,10.08565,25.96499
3.2126475,3.179666,2.207946,4.228437,4.735267,1.4871412,-1.0533937,-0.4767555,-0.1517834999999999,-0.4140544,4.5575165,-0.267954,-4.21857,3.277463,-3.009166,10.36844,39.18609,1.422609,-12.11861,14.4192,-13.44038,1.878434,1.541014,9.391472,24.69268
1.20173975,2.4025295,3.6465245,1.93572525,4.383564,1.4434595,-0.1097435,-0.6011759499999999,-0.01632,1.49602115,1.41945885,0.85587455,-7.378155,3.590119,-1.882671,8.783995,37.64672,0.6237936,-11.73388,14.15843,-13.25634,0.5816525,1.912917,11.67346,29.3641
2.0756105,3.9419215,2.87052285,1.66932205,3.840682,2.3810465,0.3639054499999999,-0.4070906499999999,0.2135577,-0.31921205,2.177368,1.808345195,-5.619774,2.74127,-1.754327,9.851932,33.05932,2.000964,-9.359888,11.4984,-13.3611,0.9989754,1.349932,10.91061,27.91662
2.5486120000000003,2.312509,2.5818615,2.2228700000000003,3.6074025,0.301330855,1.2979086,-0.47020149,-0.47909735,0.787207,2.835416,-0.1791415,-6.977581,4.518643,-2.721797,8.881906,29.82036,0.45069,-8.567982,12.46217,-12.47855,0.6486651,1.331246,10.57369,30.3653
2.286194,3.2341230000000003,4.3625695,1.39791265,2.8246235,-0.2713583999999999,0.6423785000000001,-0.6891765000000001,-0.1708096,0.30398731,2.984724,-0.55185385,-6.28738,3.851311,-0.1562429,8.851123,28.72216,0.3018692,-10.04775,10.65158,-11.71867,-0.02108818,2.283195,8.693222,33.31306
2.065189,2.677257,2.93758015,3.0594095,3.6117305,0.467584215,0.6563474499999999,0.83044305,0.06792285,-0.1244894,2.973749,-0.4165829999999999,-5.729435,3.427098,-0.9285637,9.880234,25.01811,2.478519,-6.78743,8.20427,-9.184029,1.83342,2.966035,8.441358,31.63522
2.5629475,2.651707,1.8496465,1.32866545,2.2829735,-0.13788545,0.072616,0.0663824349999999,0.44106995,0.75566925,2.901578,0.41274625,-4.817385,3.98158,-2.449832,8.764409,27.04097,0.9305703,-7.890712,7.143321,-8.243896,0.2240157,2.078563,9.295969,30.75613
1.5944905500000002,1.8545945,1.576268,0.7301648000000001,1.3675495,1.7399625,-0.34542425,-1.8992295,0.194548505,1.3497154999999998,3.31685,-0.5253329,-4.294258,3.633103,-1.346838,7.435223,26.31089,-0.1438382,-7.865531,5.629626,-8.555942,1.544072,1.052747,12.8207,31.70106
2.2515385,1.7262375,1.537754,1.97208,2.7112085,-0.31493055,0.0987226,-0.98145675,1.0847014,1.921514,2.5595905,0.178315,-6.885355,4.484688,-2.308325,7.074875,26.39591,-0.3443029,-7.39034,5.154826,-5.637389,1.696502,1.12349,15.22992,31.97345
1.9683725,2.1317925,1.7547535,1.93520945,2.418381,-0.7858364,-0.335253,-0.36016105,2.008487,0.0445426499999999,3.7614115,-0.2551924,-5.954508,5.339211,-1.03057,5.504623,24.49009,0.4544668,-8.378534,4.370992,-5.06082,2.417395,2.025942,16.45202,30.36952
3.500717,1.914857,1.08787122,1.60455705,2.6238705,0.7128318050000001,0.3587617999999999,-0.19332255,0.8920329,0.7122885499999999,3.1148795,0.4428421,-4.068126,3.853363,-1.251366,6.536952,27.14704,0.683092,-9.151132,6.601676,-8.658469,2.109092,2.717562,23.61794,28.85413
1.6862235,2.1012065,1.34919475,1.334584,1.87463,0.74788095,0.75554245,-0.0116093499999999,1.0966305,-1.466461,2.690198,-0.356908685,-5.360565,5.153488,-3.02097,7.181514,26.33483,1.047907,-7.218602,4.703171,-6.61295,2.143697,3.205409,24.66001,34.20338
2.116406,2.082797,3.6631695,0.4636579,2.5348675,-0.39807395,-0.121234125,-0.65386025,0.2283436499999999,0.74882675,1.7171105,-0.97456925,-4.249067,6.310929,-1.953596,6.971799,23.86761,0.6561989,-8.673759,5.528601,-5.265461,1.046798,1.011754,22.97772,32.47642
1.82943,1.6638190000000002,3.011775,0.201240955,1.3832713,1.21893605,0.2299283999999999,-0.4285880999999999,1.2909285,0.987264,4.2612225,-1.11987255,-3.132712,3.257678,-1.463627,7.217373,26.0714,0.3767567,-12.36804,5.202187,-4.78698,2.412186,3.918371,25.7059,30.84478
2.2987675,1.836074,2.0546505,0.56101365,1.44481255,0.7681555,0.9211574,-0.468464,1.590561,0.36337865,3.8364965,-1.6590665,-5.507573,4.232388,-1.267922,3.226653,32.51905,-0.7871521,-11.29012,4.479405,-6.540777,0.9899227,2.343356,26.69964,29.3032
3.216252,1.67391585,3.83201475,1.09629195,1.4651475,0.5141224999999999,-0.0820781999999999,-0.795301535,1.18329005,1.12854965,2.4784335,-1.9111045,-5.150631,4.865354,-1.048019,5.904935,38.07156,-0.2648648,-10.42063,2.530748,-7.496956,0.07018659,4.054988,27.95368,27.84672
2.5405865,1.1680959,2.816884,0.5057419999999999,1.52917685,-0.9414722,1.13703305,0.23592535,0.58258675,-0.17883745,2.5784625,-1.7304885,-3.833146,4.078834,-0.8207048,5.833467,36.00805,1.918694,-13.75708,8.897539,-4.498689,1.866293,1.560544,28.08006,28.77016
1.5248335,2.530773,2.8224935,2.208097,1.6746975,0.8420294500000001,0.39801135,0.032913,0.8605252999999999,0.23186955,3.599881,-0.7865084,-6.123612,6.361189,-0.9771507,3.499778,33.54123,-1.170682,-12.84048,7.799672,6.272829,1.950783,1.331548,26.6552,27.34312
2.7536885,1.37797935,1.713899,0.6497104499999999,0.8849145,0.1890652,-0.2144942,-0.681170985,-0.2452285,0.1719549999999999,2.517565,-1.09093445,-5.66724,6.333951,0.3795607,0.9058223,28.18225,4.859773,-13.607,7.226897,15.18911,2.67342,2.58386,24.01672,25.99484
2.5452760000000003,3.0512695,1.64317805,2.088183,1.8181265,0.72437425,-0.3345508,-1.6056835,1.0708104,0.10197465,3.1010635,-0.229615395,-2.915099,7.421078,-2.10144,1.985442,25.112,3.642738,-13.53814,6.768114,22.32149,3.560518,1.749619,22.00571,24.72099
1.8108195,1.201669,1.5008995,1.93720625,1.7854715,-0.40738835,-0.071073955,0.1121236499999999,1.07798122,-1.01629535,3.7887705,-1.1008321,-5.314637,5.128754,-0.683252,2.513883,24.29603,0.2858408,-14.93983,6.47857,22.7233,0.9132267,2.01009,20.39067,23.51744
2.607268,2.62681,0.9316762,2.277411,1.8348385,-0.37141895,-0.3197035,-0.26704435,0.86072635,-0.49864644,2.112093,0.8741171000000001,-4.472282,6.245335,-2.432798,2.49545,21.25504,2.560668,-17.94089,2.092247,21.09005,2.708335,3.448391,16.88936,22.38033
1.4444056,2.642888,1.8646345,1.46294925,1.521116,-0.9750648,-0.33394983,-1.67783275,1.7278365,-0.0269710999999999,4.05836,-1.2927155,-5.636413,6.496056,-0.7450339,3.542629,20.0194,-0.4692591,-14.48744,2.400407,22.47237,1.772696,1.743377,18.55744,21.30597
2.765618,2.632444,0.2305528499999999,1.660316,2.107839,-1.461985,0.18331722,-0.83834035,1.40829875,0.1275625,3.5424465,-0.5003389,-5.132703,5.355134,-0.9482635,4.101237,18.6305,1.18571,-9.882517,0.203984,23.39127,0.4602506,1.724275,17.04387,28.66056
2.524651,1.5863455,2.0642333,0.7815473500000001,1.3259083,-0.24413345,-1.0101974,-0.64054895,4.3401685,-0.38270375,3.1413185,-0.0364154999999999,-6.475575,7.077165,-1.65615,6.858656,19.78221,3.249135,-7.396237,-2.813338,20.06129,0.4858881,1.493724,18.35747,27.248
1.829631,1.40953895,2.133297,0.7856938,0.70719975,0.504729745,0.5752090000000001,-0.08087205,4.0843452000000005,0.33789315,3.888878,-0.64147514,-7.584637,10.09495,0.320143,6.726121,19.43163,1.958629,-8.634749,-2.168508,14.87652,0.3214177,1.301067,16.05628,25.9102
2.1945625,2.092796,1.849747915,0.7829281499999999,1.524924,0.9181099,-0.6513566150000001,-1.25654855,4.242119,1.267693,3.888647,-0.2877999,-7.905919,9.383451,2.089784,6.062274,18.59801,-0.1599647,-8.544505,-3.808661,13.84358,0.7549871,1.068141,15.1437,26.50264
1.5944145,1.9771595,2.0749355,1.660436,2.1705135,-0.5360218,-0.46156576,-0.6089287999999999,3.50436395,-0.16920665,3.3221295,-0.3498530099999999,-9.225101,9.27902,1.639008,6.660926,20.10652,1.541127,-8.566222,-4.583854,15.0805,1.563087,2.318148,16.80184,25.20071
3.1169685,0.62168285,1.8533635,1.7096545,1.2861781,-1.2226002,-0.05014645,-0.82798421,3.0132299,0.78283495,3.1553005,-0.1016989,-5.992837,9.596984,-0.2370968,8.46234,15.69462,1.006631,-9.331851,-3.054606,10.72478,2.333771,0.9684766,15.3186,23.97065
1.03968415,1.0200068,2.4851438,1.40377455,1.9167065,-0.6298541,0.43470867,-0.91104255,3.1083085,-0.6985712,3.98482,0.4776698,-7.283422,9.447679,0.4656443,5.889352,14.08022,0.7163777,-7.987597,-3.313258,10.42186,1.62275,0.9502275,13.12998,23.98367
1.9785745,2.3373085,0.117401921,0.61693515,1.7915855500000002,-1.04952385,-1.48948945,-2.1888035,3.0611197,1.15722855,3.042187,-0.315264808,-6.032881,7.229082,-0.3625726,6.954117,14.26537,3.620277,-8.512364,-4.001937,14.08753,1.860723,1.781316,15.51055,31.93277
2.248923,1.4758035,2.0907845,1.4749445,1.964579,0.4376945,0.2859392,-0.46146935,1.93692725,0.3546376834999999,1.81285,-1.091967,-5.536433,7.412919,-0.3131159,7.941425,12.65818,1.858557,-8.197124,-5.453762,12.85096,2.900054,2.375595,14.08803,32.03521
1.64967615,1.9784195,1.9689405,-0.0222196999999999,1.8097245,-0.011628,-0.73630605,-1.590203,1.88344545,-0.8820949499999999,3.3429505,0.3603258,-5.542675,5.822337,1.368279,8.445406,14.25148,3.461459,-8.090113,-4.012599,11.51707,1.404018,0.9089142,15.4323,30.42795
2.4941255,2.3175685,1.0653066,0.87441385,1.9690815,0.16723675,-1.3528926799999998,-1.40245065,1.8634265,0.78837515,2.2202485,0.02608125,-6.776124,6.89453,0.329481,3.542314,15.0344,0.9751726,-10.50597,-3.989308,10.77736,0.6332155,1.495115,15.49229,34.24457
3.256492,1.756637,2.68817925,1.0097895,1.27808955,-0.32675854,0.126337215,-0.36654195,2.291361,0.7402877999999999,1.5814354,0.8505242999999999,-6.568681,6.978577,2.967369,6.640418,16.32962,1.951632,-7.154954,-3.185884,10.37173,0.1483954,2.549688,16.03194,32.51532
1.63055625,1.8140875,2.3909133,2.3810545000000003,2.6966545,0.0139616849999999,0.105203,-0.66372575,1.608906525,-0.2254284349999999,3.5437235,-0.235459,-5.372859,8.525876,1.7662,6.297958,16.62189,1.818716,-8.383171,-4.876056,9.822525,0.3575403,2.579602,14.55297,36.40844
0.83525915,0.664421459,1.4566234500000002,1.0561855,1.9155095,-1.1530185,-0.56472025,-1.0066400999999998,1.52317875,-0.47314685,2.9694265,-0.6605702,-6.953364,7.228849,1.593454,6.479057,15.19899,2.361343,-8.851562,-5.893735,9.90005,-1.833228,1.346242,14.05418,34.55973
2.0325355,1.6746495,2.1449915,1.5142505000000002,1.54702,-2.0146832,0.17852135,-0.74554235,1.79171415,-0.37221715,3.547694,-1.5415125,-6.530721,6.185539,1.075118,7.86436,13.95302,2.186263,-8.442327,-7.455879,6.232912,-0.7513891,3.089625,15.04935,33.98817
1.751499,1.2713105,2.24301815,0.8736823499999999,2.398743,-0.70106075,-0.68838395,-0.81034165,1.191969565,0.1977385,2.966972,-0.6135077499999999,-6.580096,6.557915,1.296421,6.939639,14.43436,4.295666,-8.765337,-6.911761,4.598064,0.7552124,2.123847,14.18872,32.27307
2.0132465,1.7648991,1.6574245,-0.1766687999999999,0.69918765,0.53631195,-0.241890205,-1.0082437,1.3473235,0.8738784500000001,3.2110730000000003,-1.3726525,-5.797484,7.401616,0.06511105,4.461913,12.73101,0.4902166,-8.458056,-6.215683,5.86017,1.531435,1.683522,12.88515,36.95224
2.8315520000000003,1.4290722,0.54468525,1.4152185,1.747358,-0.3195060499999999,-0.7470386999999999,-0.16196555,1.573752,-0.6704938,3.0894805,-0.70548495,-6.48718,7.665991,0.6025555,5.809806,12.17851,0.3571572,-9.45314,-8.61176,4.716384,0.8013687,2.468237,12.04079,35.07349
1.7349285,0.9381046,-0.0948707,3.258557,2.214489,-0.4454336,-0.92466645,-1.227688,1.912688,-0.2945379999999999,3.9649325,0.1870674999999999,-6.393324,5.789835,-1.457222,3.940778,10.17381,2.592375,-9.445292,-10.83865,4.344321,0.9336607,0.399279,10.33703,38.26677
1.6281955,1.13089195,0.4060762499999999,1.876066,1.23848035,-0.5625439,-0.82234835,-0.76704085,1.4306803,0.18782065,4.550901,-0.5783480599999999,-5.783502,5.034386,0.06643908,6.520076,8.810671,2.750913,-8.572691,-11.95677,2.203874,-0.6571842,1.331877,8.513778,36.3155
3.2731545,1.6292985,2.4342415,1.2145675,2.3146115,-1.3614815,-1.3291159,-1.3065095,1.3834605,0.41838285,4.231198,-0.2833962,-6.098306,5.713112,0.3104725,3.948292,8.33045,1.190022,-9.016629,-12.58641,2.848341,-0.3249606,1.58211,7.855731,38.46538
3.2526225,1.390704,2.0531915,1.524087,2.9273925,1.2322151,-0.3733277,-0.22399195,1.7153563,0.54262415,2.8430850000000003,0.31121175,-5.025395,5.667084,-2.35061,6.109901,9.093083,0.8933553,-7.968742,-12.68416,2.001324,0.5694187,-0.5110107,9.542037,37.03681
1.939795,1.8821885,2.912272,0.496146995,1.618481,-0.3952179,-1.127349,-1.48635325,-0.02067774,0.2156126,3.582835,-0.5601169,-4.809894,4.537597,0.1493359,4.30191,10.81171,0.9012161,-10.30652,-13.32561,3.156468,-0.6146637,-0.5845459,12.38666,38.66981
1.971874,2.1986445,1.1922649,0.22897645,1.2651215,-0.0479465,0.20003324,-0.205604,1.76817405,0.8181484000000001,4.4489305,-1.667793,-5.183035,4.338306,0.5650516,6.856026,11.86668,0.06960249,-8.956343,-13.42603,2.251599,1.234268,1.393299,11.80053,36.69634
0.8117006099999999,1.3575368,2.3834375,2.91173,2.647914,-0.18055125,-0.68137325,-0.74309815,2.0072525,0.4973457,3.1416545,-0.9628027395,-4.838518,5.729778,-0.003282084,7.179222,12.0235,3.377247,-7.75256,-13.28102,2.248,2.042058,0.8170341,13.60918,34.83179
2.4172315,0.68641755,0.7846034,2.18436485,1.773138,-0.8744136,-0.5220219500000001,-0.9168323,1.211442,0.200341515,2.99527725,-1.9482585,-5.692751,4.598285,0.5674143,7.717551,14.22361,1.219299,-10.10981,-15.00712,2.025396,0.3806526,0.6545623,13.18373,33.07016
3.4034435,1.7471545,1.9893437,1.3908200000000002,0.8265669999999999,0.1884407499999999,-1.311,-1.9649745,0.6613135,0.494106465,1.66750745,-1.9530975,-4.759427,5.503448,-1.512984,5.883654,15.15553,1.112455,-8.310694,-14.19472,0.3036873,0.2592734,1.919284,12.39937,31.40578
2.8444000000000003,2.1697740000000003,2.3817245,1.951252,1.37647265,0.0727123,-0.8405644950000001,-0.8532273,0.66236985,0.5846696499999999,2.7826635,-1.6453625,-3.977463,6.407457,-1.010005,6.865133,15.93733,1.79042,-9.738547,-14.26859,1.001817,-0.06324926,2.206681,15.73987,29.83325
1.354475,4.344640500000001,0.6981446499999999,1.7005745,1.0110461,0.1361879999999999,-0.1091869499999999,-0.6128839500000001,1.1507045,1.6249305,4.2667805,-0.6487328,-5.090878,5.567492,-1.495912,5.979384,18.27098,3.148643,-6.887319,-14.10374,-0.164193,2.590798,2.519059,15.14069,28.34752
1.9087784,6.8845985,1.0085442,1.66163,0.9707146,-1.215973685,-0.6046438749999999,-1.926024,1.5581075000000002,-0.2449348499999999,5.8799375000000005,-0.9834578,-6.112734,6.543088,0.1993892,5.231956,19.61555,0.05456557,-6.732935,-11.93138,-1.121101,1.194351,2.994406,16.0932,26.9438
1.680787,7.209035,0.2892835,2.107879,0.4565205734999999,0.1804601999999999,0.447388855,0.64420625,0.55973735,-0.8754883499999999,4.02421005,-1.7178835,-5.817049,6.218484,-0.3293826,4.565007,22.55662,-1.338073,-12.52669,-14.48579,-1.58098,2.075885,1.765495,15.30004,25.61756
2.7241075,7.8708015,0.7189992199999999,0.92335845,-0.2389610999999999,-0.34423335,-2.2301070000000003,-1.9889550000000005,1.5924384,0.1585776,3.96501865,-1.5531170900000002,-6.817514,4.639831,-1.928552,2.670092,18.85588,0.1833168,-13.03577,-13.31722,-2.505352,2.987262,3.243036,16.35135,24.36452
1.4729845,5.9131730000000005,1.070575315,1.451341,0.9656291,0.179142,-0.5720495000000001,-0.8606816500000001,1.3168883500000002,0.43441845,4.975348,-2.001574,-6.723134,4.335092,-0.6061168,-0.2137429,20.6969,-0.9157192,-14.13907,-12.5777,-3.546248,2.781646,1.858456,17.58486,23.18065
0.49766705,4.681446,1.7345745,2.364466,1.7763575,-1.40471975,-0.9999486,-0.3529933,2.365021,-0.19208475,5.4045755,-1.0939216,-5.400955,6.118728,-1.306875,1.789945,23.61319,-1.704323,-12.71047,-11.32907,-3.45365,1.809744,2.121884,16.93804,22.06212
2.2296825,3.4700877,1.0792895,2.0986305,2.2555355,-0.085912055,1.17211435,-0.045288764,2.7709565,-0.0929224499999999,4.5278605,-0.97372415,-4.955365,6.21598,-1.608387,1.393222,24.98307,1.125122,-13.00031,-12.41473,-2.435643,0.5908604,0.3677037,18.08669,21.00533
2.2638365,3.232243,2.3257955,0.66223875,0.9493605,-0.2974698,-0.8296672999999999,-1.3609967,2.923838,-0.091592925,4.9896825,-2.776486,-6.195288,5.198704,-1.144614,1.531031,26.57244,-0.07488206,-11.73967,-13.24524,-1.818991,2.97308,1.765662,21.32809,20.00687
0.87207665,3.673151,2.017068,0.92255095,1.32777735,0.73706735,-1.1329338,-1.18832805,1.87198435,0.47261995,3.947568,-1.544709,-5.795525,6.809869,-1.578334,0.8160558,27.92234,-1.202351,-9.742779,-14.66606,2.26269,1.188115,0.7039357,20.73902,23.54913
2.1611705,3.92486,2.4714595,2.1289005000000003,1.648529,0.46467445,-0.9997335,-1.5314315,2.0936488,0.81112835,3.7768635,-0.43084345,-5.039266,6.101002,-0.8819703,6.306635,26.76653,1.774505,-9.566731,-16.53545,7.000155,0.4565278,1.759303,21.6603,29.33626
1.28030475,2.659667,4.436805,1.2538445,2.666758,-0.5266614399999999,-1.0003148,-1.5064434,2.6255235,0.13125035,3.6787545,-0.28932155,-5.281169,7.86307,1.046018,7.119532,23.7695,-0.1269605,-5.360828,-14.22896,4.121026,-0.2042711,1.702083,21.34067,30.69504
1.456526,2.6578685,4.4303745,1.730132,1.3697125,-0.1187702,-2.421507,-1.0769684000000002,1.9974042,0.5804393999999999,4.026809,-0.0075398499999999,-10.22888,7.826249,2.028457,6.883719,24.71596,-0.234191,-6.780913,-14.72991,5.27309,2.125163,0.3967909,18.64024,33.65294
2.9770355000000004,1.4276687,6.08850805,1.3724145,0.966732805,0.32486595,-2.9003285,-2.4805775,2.64548885,0.2547444999999999,5.4327405,-0.437216,-5.953593,5.14296,-0.04922143,5.086937,22.61769,1.402799,-8.280097,-15.14699,7.356147,0.8048117,1.403391,18.26236,36.97984
1.37851115,2.145758,6.85645,1.521359,0.43466495,0.3423306,-2.13938,-0.81349395,1.49821245,-2.225862,6.560895,-0.8629800999999999,-5.477569,3.755312,-0.5243036,4.848694,16.4171,1.690297,-10.24291,-15.76288,5.284359,1.334774,2.534459,15.70878,37.61432
1.3701529,2.2199085,7.491677,1.6333695,0.787269855,0.2992932,-0.5471365,-1.833659,2.430058,-1.7220535,7.216996,-0.6294779500000001,-7.535731,9.273491,0.1622356,5.701896,16.56861,1.905719,-10.21985,-17.9529,3.09133,1.326043,-2.142993,13.36748,37.00726
1.5934345,2.8342605,7.1695635,0.7099215,1.7221384999999998,1.1912116,-0.9240795,-1.5548622,1.967187,-0.3224178,8.292697,-0.78662175,-6.947626,6.700747,-0.3098631,4.799523,16.36044,2.64862,-10.24139,-19.4699,2.600282,-1.146698,1.237827,13.09418,39.38383
1.7364525,2.8244915,6.429971,0.96173925,0.1690813199999999,-0.54555025,-0.8941294,-1.4904927,2.2068564,-0.85681155,6.940144500000001,-1.2464274,-5.347802,5.669574,2.885289,4.890368,16.7124,0.01895431,-11.02377,-18.42313,3.762355,1.300462,-0.6093294,12.86752,40.89477
2.245215,1.0565085,4.187982,0.92547975,1.4864564,0.73827745,-1.476125,-0.84320975,2.256299,0.1270939499999999,6.6542535,0.107365205,-6.831902,7.348301,2.437108,3.77951,16.80195,-1.242384,-10.37545,-18.81902,2.400592,-1.559266,0.9006118,11.57358,38.82753
2.2384045,2.9089460000000003,4.016613,1.75988815,2.0738535,-1.235098,-0.8170344500000001,-0.664539675,0.62101145,0.6039039049999999,5.8803745,-0.04423835,-6.425741,6.823032,-1.267854,4.602627,17.76838,1.628726,-12.08502,-18.77064,3.586616,1.698741,1.981544,14.87169,40.06783
0.8522533,2.967567,4.2746525,1.20792565,2.1996675000000003,-0.2511029999999999,-1.8971685,-0.93945725,1.0833991,-0.602863,5.022640999999999,1.4714561,-5.775151,5.863388,-0.2329007,4.459124,21.15628,1.619136,-10.02454,-19.73304,4.344035,-0.5918083,2.712426,13.65305,38.01714
2.50596,0.60678425,2.331904,1.00072095,2.207264,-0.18916897,-1.07687925,-1.20363174,1.3254434000000002,-0.22157255,4.467468,1.5887175,-5.603304,5.466725,-2.512808,6.779267,22.89956,2.390175,-10.16859,-19.70395,3.610564,-1.390896,1.135296,13.41396,36.07964
1.12578155,2.098367,4.1646085,2.554365,2.107098,0.19517425,-1.120086,-0.63408885,0.73261815,-0.0631771999999999,4.58484,2.5407914,-6.711682,6.584134,0.4559383,7.508076,22.27802,3.346403,-9.089348,-19.46007,2.951708,-0.356851,1.304349,15.95257,34.25874
2.11521155,0.846908835,2.54973245,3.0940815,2.4275515,-0.1912745,-1.0032768,-1.03208915,1.708265,-0.9893757,4.2101415,0.494912,-4.545889,7.065687,-3.267907,4.748518,27.06275,2.661047,-10.97422,-19.76519,5.585696,1.430691,1.484849,13.49276,32.52867
3.013909,2.3599085,2.9844515,1.5337695,1.4771717,-1.02346925,-0.4075216499999999,-1.6729055,1.26476285,-1.0268777,3.3514855,1.241643635,-4.722236,6.254465,1.011268,5.079981,27.80406,0.3873749,-10.72954,-19.14997,5.617745,-0.01644801,1.070808,14.77474,30.89411
2.26953,2.5857395,2.7811415000000004,1.7074035,1.5464980000000002,0.9308057,-0.876487815,-2.1378135,0.3628572499999999,0.675963335,3.843029,0.360382,-6.696002,8.533158,1.198941,4.959766,31.78244,2.302815,-10.16697,-19.63036,5.169405,0.269572,1.58042,15.71612,33.31346
3.3418635,-0.4941393,3.8275305,1.951958,2.478618,-0.4317435,-0.1078520499999999,-0.8977487000000001,1.607594,-0.4883939,3.742368,2.3598085,-5.298611,4.311087,2.880378,5.128545,34.71177,-0.3072945,-12.44039,-20.07315,5.40379,0.363645,4.711063,16.91825,33.47898
2.1855015,2.9324045,3.070671,2.134353,1.835375,-0.7690932,-0.4524326499999999,-0.316743625,1.7244075,1.3170815,3.882619,1.3458845,-4.238113,6.180604,0.192227,3.961294,35.35985,1.082627,-13.56075,-20.12173,6.165525,-0.8191101,4.917413,15.37718,33.27256
3.239785,2.3583695,3.991759,1.06690905,1.4488655,0.3877414999999999,1.027876,-0.5037008500000001,1.0749225,-0.97006482,4.942978,1.9329588,-5.849707,7.281433,0.02827211,2.39639,33.19983,2.130543,-12.61324,-20.54637,6.198397,1.226455,4.606663,16.39888,36.19538
2.476627,1.41893035,3.578373,1.7891252,1.78985495,0.610136855,-0.3604708,-0.80366925,0.7453836,1.005353967,4.1703285,0.0266699999999999,-4.070957,5.620665,2.196614,1.442071,30.60906,0.5033196,-13.0323,-20.27908,5.437662,0.9199793,5.665427,14.52649,34.97054
2.956732,2.1644845,2.5025235,0.30000265,1.37397423,0.9262055,0.9262154,0.12052045,1.10724965,0.25473815,5.016563,0.1820380000000001,-6.832378,8.337178,-0.365425,2.406381,28.18611,-0.2348399,-14.66465,-22.17797,6.26473,2.751526,4.918875,15.23295,35.29744
2.170415,2.2709841,0.35102665,0.9686483,1.2451965,0.3968627999999999,0.5698945599999999,-1.2786981,1.8005822500000002,0.5879748499999999,3.748482,0.3853465,-5.106841,6.236841,1.215553,3.90455,30.80329,1.603887,-12.45536,-21.23122,5.658426,0.1354678,5.242641,18.43694,35.18779
1.667536,1.7977495,1.4046992500000002,1.8343588,2.237948,-0.124589,0.0840720000000001,-0.64502235,1.5658045,0.1205243699999999,3.5954275000000004,1.0068207500000002,-5.614336,7.020701,2.74673,2.73828,33.72922,3.983563,-12.59211,-20.19602,10.17711,1.255373,4.376541,19.69083,36.58726
2.2850395,1.3332739999999998,2.183855,1.33052485,1.656247,-1.74867,0.0925479999999999,-1.30450005,2.1886785,0.144601555,4.753788,-0.0064649999999999,-5.552761,6.177604,2.246045,4.183959,34.10638,0.7213662,-12.75102,-20.78064,7.934455,1.096763,5.041671,22.85715,35.32846
2.364807,1.552127,1.92199115,3.003447,2.160438,0.83754745,0.0450363925,-1.643577,1.05678365,0.5961463850000001,4.807481,1.88031525,-4.815637,6.536368,1.443422,4.004412,35.13035,1.099806,-13.08808,-20.19187,7.661916,1.029779,5.993478,21.32517,34.57301
2.5436435,1.55222865,2.724129,2.2393665,1.2746665,2.2179260000000003,0.39106445,-0.3294374,1.7595018000000002,0.406941595,4.307084,1.3933060000000002,-4.465601,5.232436,-0.1090988,4.693448,35.87699,0.9785118,-12.2571,-16.73874,8.397936,1.798484,4.937128,20.80765,32.82556
2.3260565,2.647646,2.4173163,2.4452895000000003,2.47302015,1.80033835,-1.00032345,-1.917671,0.57977715,0.0640697,4.0098145,2.166223,-4.671244,6.533916,-0.5155345,6.323963,31.98029,2.195422,-13.04294,-18.79885,8.855195,0.7934648,3.99794,18.35527,35.4646
2.138894,1.422316,3.1204895,3.358278,2.502927,1.3106850449999998,-0.219144975,-0.110844265,1.5000415,-0.66914355,2.1123935,4.069463000000001,-5.948956,5.947833,2.569302,2.369284,29.16927,2.332205,-13.00689,-18.45392,7.436808,0.3574315,3.576365,18.41698,33.66798
1.638439,1.9459525,3.066519,1.940124,1.81669055,-0.0220624,-1.466513,-1.5872080999999998,0.51010755,2.2588685,4.3692525,2.726784,-4.598986,8.354618,1.784255,3.420201,27.20822,1.628102,-11.067,-19.82145,6.558593,0.2437069,2.704442,16.86299,36.5459
3.531121,1.4945545,2.653754,1.8186175,1.3917717,0.3378165000000001,-1.0469701,-0.7595237,1.2572144,0.449677,3.578227,1.620478,-5.075239,4.676527,-0.04075438,4.032085,26.20874,0.04161776,-10.2271,-19.453,4.616281,2.417784,4.812523,15.70501,37.45862
2.658556,2.8020595000000004,2.370956,1.6386945000000002,1.4803348500000002,1.097134,0.1000411,-1.5941421999999998,1.2179037,0.3327759999999999,3.86731,1.808773,-3.335638,4.963546,0.6938102,4.54763,22.05473,2.18874,-11.94543,-19.81958,7.66224,-0.02698436,4.500799,15.56571,36.51027
1.7528365,0.44706785,2.402795,1.518536,1.799239,-0.6983357,5.653781,-0.6914084,2.5904935,-0.1430949799999999,3.598653,1.7583080000000002,-5.864232,5.73523,-0.7175352,6.67643,22.69324,1.115289,-13.3008,-21.25363,4.973705,0.7679603,3.291701,16.64984,34.96413
1.21030425,2.048834,2.359011,1.7712035,3.0273115,1.1808055,7.778154000000001,-0.6275534999999999,0.3776217,0.2564761,4.1671285000000005,2.7260425,-4.998779,6.223525,0.2360916,6.155477,18.85813,1.134093,-9.888883,-22.21874,5.550659,0.6898037,4.493505,18.12377,36.63974
1.6620545,3.047292,2.443944,1.8274505,1.1542585,-1.4762944999999998,6.39059225,-0.3049447,0.59541075,-0.3361987999999999,3.9078305,0.7508985,-4.576715,6.685984,-2.24814,4.392925,19.03875,1.99195,-9.775932,-21.61493,5.902979,1.943699,2.93696,16.92886,36.212
1.4903032,1.8738523,2.5777675,1.682788,2.041467,0.10879485,5.7445945,0.2887702,1.2633852,1.16534635,3.2294985,1.6325328,-4.323699,6.139365,0.03760203,5.640983,19.1282,0.3740406,-10.02052,-20.89286,4.340264,0.4141648,3.395216,14.4766,34.37541
2.08387672,2.8177805,2.5825425,1.8469565,2.774558,0.4242279999999999,3.4287195,-0.7669834999999999,0.56901505,1.50377415,3.8426755,3.327459,-2.257658,6.933359,-0.08096921,6.368194,20.37046,1.620274,-8.746687,-22.56318,5.094946,-0.1536384,1.875079,14.54749,34.6293
1.8360901,1.5265123,2.7904705,1.5353161000000002,1.8621835,0.331833405,3.1050531,-1.2136575,0.91722575,-1.12604435,2.9162905,1.6017710000000005,-2.6973,6.08246,-0.7722154,6.635482,18.09426,2.887707,-10.8502,-22.79541,6.163627,1.53208,4.069721,12.46466,32.89297
1.2787345,1.70711305,3.6745915,0.55559205,0.252345775,-0.5081503,3.308266509,-0.536219425,1.2177145,1.2123266,3.520564,0.9376717,-4.134813,5.177542,-0.02056972,4.964983,16.4268,3.062201,-10.1108,-21.97296,14.7939,0.3146253,6.581989,12.66327,34.47019
2.8953995,1.843922,3.1633265,2.33703,1.9542925,0.1533694999999999,1.4736165,-0.4844436,0.76596805,-0.6481416,4.357503,0.4583904999999999,-3.202768,5.250678,1.271715,4.152657,16.74487,3.235323,-6.64958,-20.77642,16.12605,1.188821,8.471791,12.23359,36.1521
2.1087985,1.5575070000000002,1.995856,1.0765273,0.9951891,2.892766,2.35779995,-1.01130415,1.29533095,0.61252385,2.9939475,0.7407906500000001,-4.987097,8.350706,1.2389,3.328432,14.39112,3.648474,-8.781001,-20.95304,26.65028,0.7425227,7.145932,11.70858,34.3176
1.1846278,2.3974305,2.352469,2.7452255,2.9351575,1.1340989,1.2638758,-1.2841725,1.243426,0.5454319,4.152576,-0.05174265,-5.492301,13.22879,1.039924,1.853665,15.94436,5.619916,-8.890695,-18.88539,30.79752,-0.6441029,7.990005,11.86831,32.58437
3.3446865,2.956821,2.164836,1.600184,1.3137465149999998,0.81668615,2.4464405,-1.892968,1.725197,-0.49036515,2.198069,-0.7895139,-7.990639,13.0836,1.940978,0.08950327,16.28066,3.446272,-10.1166,-19.99839,31.62001,0.3232457,7.259368,13.23104,33.71536
1.3617008,1.11550175,4.7058475,3.0839745,3.0898305,1.5278435,2.289679215,0.2725194999999999,0.3019602,-0.3924908499999999,3.1412615,1.0197755,-6.597487,14.26021,2.531395,4.291461,12.54582,4.182107,-7.302751,-16.81873,33.3721,-1.472974,8.734092,11.07202,35.22552
0.926492,1.002258095,5.59709475,1.728657,1.3682745,2.487537,0.374809,-2.33938775,0.0448178499999999,0.90800835,3.0464055,0.8805275,-7.16706,10.60941,0.8068047,1.886592,14.3951,2.878006,-9.49568,-19.28379,31.47777,-0.7106755,9.122622,10.9661,37.41943
3.6462635,2.497781,6.300597,2.674012,1.5935376,0.322613,0.7446269999999999,-1.29921715,1.8139591,0.419210155,2.218345,0.5191342,-5.426331,10.32289,0.4144896,4.321785,13.73069,4.608848,-8.893231,-18.76175,30.90331,0.1220141,7.822126,10.87937,36.56665
1.826184,2.2931765,5.541426,1.747559,1.19219925,-1.4555733,1.6070966,-0.9882509,0.81879945,1.57277815,4.2567565,2.188157,-5.652084,10.454,1.653877,3.758825,12.70402,2.580901,-8.896828,-19.73059,33.87402,-0.9757671,10.6325,9.228232,36.68318
2.39597,2.1645855000000003,5.4934825,1.616041,1.1523463,0.0644599449999999,0.0523874999999999,-0.9642618,1.433149,0.54557235,4.098222,1.3046563,-5.033534,10.66724,0.7572434,4.273312,10.78857,1.347039,-9.57721,-19.38509,31.09722,0.1133813,11.73288,8.929451,40.31263
2.250774,1.04903895,4.106783549999999,2.107689,2.246406,-0.7343602,0.082741,-1.0191772,1.444405,0.416299665,4.0312665,2.906431,-5.716769,8.443925,0.3363791,3.868767,11.76933,3.13158,-8.693277,-18.4828,29.41069,-0.8823556,12.30941,8.15234,38.24931
2.960749,2.7878705000000004,4.3316012,2.2322745,2.5827815000000003,0.53837055,-0.99346715,-1.84945475,1.0635929,0.11190325,3.321174,2.2761843500000003,-4.620324,7.257865,2.155734,2.966099,13.38416,1.638787,-10.93264,-17.89063,25.90615,-0.4958401,12.49771,10.13573,36.29901
1.8857975,2.262663,2.88361615,2.0793135,2.0043952,-0.61138035,-0.0466284999999999,-1.7488365,1.8193655,0.7665656,2.3198185,2.7814145,-4.557046,8.737039,2.698694,3.151603,16.17385,3.208525,-8.580196,-18.31155,23.96252,0.2821825,10.78165,11.62983,34.45636
3.186508,1.2012279,3.7034,2.830652,1.9170705,-0.6272116,-1.63291895,-1.20286225,0.7993186999999999,1.86353295,3.1578850000000003,1.132026,-5.729091,9.863195,1.342297,2.551027,20.54005,-0.3299466,-8.62005,-17.83094,21.17272,0.672528,10.75235,14.7914,32.71543
1.53627555,1.8356765,4.461369,2.00742685,1.3106775000000002,1.785338,-0.92213945,-1.43707495,1.15934835,1.8667892,4.5723780000000005,-0.0032389999999999,-5.528377,8.237398,2.567022,4.165184,24.63275,1.978735,-8.025867,-18.34175,20.52939,-0.8704773,11.04244,12.86811,31.07058
0.8950089999999999,3.309867,4.1845955,2.3452857,2.4599595,-0.3668261499999999,1.285354,-0.4789271499999999,0.40017125,1.2420238,4.06877,-0.5234776999999999,-5.282856,8.149579,2.277369,1.777565,29.68896,1.200514,-9.842981,-17.82663,22.7262,0.2016168,8.697037,14.27545,32.06187
2.515108,2.200043,3.6923115,2.6726435,2.605608,0.14254955,-0.037018,-0.0782961,0.9647117,1.7983194999999998,2.273367,0.7225968500000001,-5.069818,7.785729,-0.2900153,4.082521,31.14033,1.698077,-9.230075,-19.69396,20.43706,0.18861,10.08744,14.52343,35.13624
1.868603,2.790089,3.0750495000000004,2.3965689,1.9023105,-0.4910891,0.7070802500000001,-0.545988,0.86999375,0.88229065,3.3236615,-0.180721,-3.736128,8.054358,-0.3976246,3.408016,28.42854,1.179682,-8.194928,-20.87298,20.21161,-1.086476,7.386254,14.71341,35.62318
1.95045015,1.7291145,4.697929,1.1014573,1.5553655000000002,0.63673155,0.2759996,-0.3043689499999999,1.1743629,-0.35911,3.0362745,0.904172,-4.39605,7.174074,0.262408,5.713042,32.19636,0.3249678,-9.321507,-21.99968,19.94696,0.9729947,7.795821,12.71514,36.67861
1.66220665,2.8263065000000003,3.657811,2.4144035,1.7058255,-1.29366015,0.21394625,-0.0436300999999999,0.56213665,0.033016,3.9403345,1.54002245,-2.996423,7.619107,-1.408473,5.007718,32.80347,2.186615,-10.41519,-20.46283,17.46549,0.9051523,8.096603,14.7056,34.81503
1.732963,2.10898,1.55869225,2.6144245,1.5539845,0.2669204,-0.8596821499999999,-2.1462375,0.8525933000000001,1.809796,2.3842065,2.7786587000000003,-5.573512,7.345926,1.779893,4.153694,32.09841,0.9549995,-9.647903,-17.80747,16.79306,-0.9302135,7.025502,17.37276,33.05875
2.0266525,3.0530525,2.673829,1.5757574,1.6700205,2.033404,-0.6814378,-0.55425645,0.42280575,1.25189995,4.3505335,1.742975025,-5.378059,11.99969,1.444652,3.643799,31.25014,1.255415,-11.72236,-19.20268,15.06513,1.470316,7.023791,16.47726,31.42113
2.298534,2.039726,1.1272673,1.71387955,1.112471,0.2335280999999999,0.3231524999999999,-0.8215032000000001,1.88007,3.59262835,2.2638545,1.373832115,-7.718374,11.77515,0.7350725,2.90198,25.18803,1.384596,-11.85588,-21.60358,14.14209,0.8787286,8.157653,15.9531,34.92799
1.686948,2.108048,2.3203345,2.6744355,1.903454,0.4847768499999999,0.698560275,-0.7153925999999999,1.669164,5.144377599999999,3.919769,1.36482275,-6.805675,11.5611,1.622731,4.888238,24.64586,-0.2790994,-11.64996,-19.50944,13.96759,-0.1172196,5.075875,15.19732,34.71983
2.090379,1.911919,2.6305235,2.023244,3.6779235,-0.1246995,-0.3294698,-0.1929268499999999,1.146833,4.26266815,3.4805855,2.3721205,-5.158864,12.48487,-0.6364697,2.207215,21.71917,1.505622,-10.43485,-20.64509,13.16451,1.202234,7.043273,16.03272,32.96431
2.8701765,2.6313525,4.4205285,0.713665225,1.26200465,-0.210579305,0.5687348,-0.4535511,0.109639155,3.012759,2.7087035000000004,1.7116761500000002,-6.25427,10.61129,1.610741,4.911117,20.82819,1.739544,-10.70808,-19.99654,10.39206,-1.067763,6.12938,16.49312,32.59475
2.3815265,2.20402395,3.23894245,0.5671437500000001,2.480165,-0.7547812500000001,0.8998562000000001,-0.771583,0.8097422000000001,2.9048955,2.9221655,0.85504665,-6.956413,8.596608,1.269585,5.541444,18.77712,1.330978,-12.51733,-19.07815,9.868082,2.809915,4.555026,18.13861,32.44439
0.33940495,2.7649100000000004,3.8307515,2.2251275,3.0145565000000003,0.4440729999999999,0.38064415,0.8780214,-0.38636835,3.26275115,2.481364,1.3378175,-6.41246,8.99674,-0.3543512,4.857593,16.22559,-0.3270475,-11.97515,-19.17511,8.331854,1.366002,5.829093,15.78639,33.17516
1.0634987,2.2429215,3.48432905,1.96717465,3.239553,2.1424395,0.9240915,0.3381457,-0.7867833,1.0020905,2.2913145,2.4822325000000003,-5.279323,8.523173,-0.5187078,5.15447,13.2247,1.519626,-13.59924,-20.6047,7.658462,-0.8373038,5.446059,16.07465,31.93624
0.7728278,2.7248411,3.1628510000000003,4.225833,4.211403,1.53155,0.2713565,-1.2548531,-0.4024885,0.2812494999999999,1.33637865,2.0386192,-5.695307,10.85293,-0.6508521,5.787349,12.55728,2.581604,-11.78202,-22.1682,6.113553,-0.4335154,2.429094,15.29636,32.14329
1.3056675,3.298544,3.563219,2.18019515,3.890186,2.12099075,-0.51980695,-0.4842918499999999,-1.270442,1.7097075000000002,1.77238925,2.89625405,-6.396561,9.381573,0.3968177,6.29741,10.49907,0.9472266,-12.02046,-20.93502,4.763199,1.420554,4.392942,13.79304,33.9911
2.103809924,2.901717,3.0142963000000003,2.4452135,3.730358,1.3264705,-0.20557255,-1.1665339,-0.6585238,0.7588079999999999,2.151278,2.2841615,-4.572488,9.849271,0.6051085,6.072317,12.86826,4.432821,-12.53928,-21.36814,5.137756,-0.3886489,4.641988,14.70976,35.65218
0.86189415,1.639913,2.9874165500000003,3.2157765,3.7172235,2.2776564500000003,1.32125251,-0.6172749999999999,0.50447244,2.02688939,1.15073065,2.523657735,-6.549536,7.95829,0.636888,3.813596,9.100475,2.656712,-14.68492,-21.25624,4.538964,-0.5394575,4.671143,13.15981,33.84522
1.917323,1.2568437,3.229488,1.175963465,2.7332043,1.680119,-0.94396885,-0.94609835,-0.0176509999999999,0.4989449999999999,3.4256925000000003,1.4078572,-8.66421,11.57994,-0.109184,4.906124,12.85445,2.738718,-12.56165,-22.32235,4.095574,1.306189,2.880605,15.01034,32.80128
2.4538485,2.585507,4.4052115,3.2533,4.291602,0.6872400000000001,-1.3138996500000002,-2.784813,-0.23532845,-0.8657781,1.07823105,3.2430079,-9.049353,13.57194,2.496789,7.856244,11.77264,0.03537484,-8.693109,-18.26201,2.820441,-0.4254898,2.260504,11.8935,36.3905
0.8736427,3.2685625,5.3740372,2.1864166,1.9841336,0.4950514,-1.2743384,-1.9827285,0.18379345,0.0647634999999999,3.6060115,1.394207,-6.884445,9.58067,0.6395702,6.214599,12.95143,1.526128,-14.27601,-21.83432,2.623952,0.2854779,3.093126,12.2438,37.56203
1.16421355,2.848978,6.7766795,1.97866,2.184415,2.350442,-0.9932691,-0.41587685,0.7727062,-1.36258375,2.95081,1.0294792499999998,-6.325073,8.294674,0.2048578,4.502168,13.04214,1.00875,-14.14941,-20.67515,4.529537,0.0915822,3.054569,11.67112,38.26756
1.9641476,2.488974,5.8358115,3.4908245,2.6833325,0.69794545,-0.5825356500000001,-0.8812978,1.737683,-0.72158535,2.907212,1.6595025,-6.466464,10.70508,0.4194227,8.607591,10.13498,3.757456,-13.57267,-22.56366,2.8359,0.147368,2.883902,10.55766,36.87186
2.4436865,2.131625,5.0773745,2.7210025,1.7178749999999998,0.8683154000000001,-0.83693105,-0.87040355,0.55747585,0.4009104999999999,2.307321,1.386039,-8.960059,8.369076,0.8878857,6.993204,9.460341,1.732694,-13.63142,-21.74986,0.5306927,-0.5292414,3.696524,10.61289,34.9976
