1_C01,1_C02,1_C03,1_C04,1_C05,1_C06,1_C07,1_C08,1_C09,1_C10,1_C11,1_C12,1_C13,1_C14,1_C15,1_C16,1_C17,1_C18,1_C19,1_C20,1_C21,1_C22,1_C23,1_C24,1_C25,1_C26,1_C27,1_C28,1_C29,1_C30,1_C31,1_C32,1_C33,1_C34,1_C35,3_C01,3_C02,3_C03,3_C04,3_C05,3_C06,3_C07,3_C08,3_C09,3_C10,3_C11,3_C12,5_C01,5_C02,5_C03,5_C04,5_C05,5_C06,6_C01,6_C02,6_C03,6_C04,6_C05,6_C06,6_C07,6_C08,6_C09,6_C10,6_C11,6_C12,6_C13,7_C01,7_C02,7_C03,7_C04
0.0,0.06422120467220058,0.09671063439089023,0.1240670553600241,0.1489991312997039,0.17697662008901424,0.21053099563315306,0.18298710066347265,0.12249784063360668,0.1863689360433079,0.30035059900723565,0.2943785151450606,0.23770445021249725,0.19593171735846723,0.15146062760738446,0.10861005972884362,0.09968761789581959,0.12744056380035163,0.14139002626659214,0.15732614693076197,0.1913614822671408,0.2558724166727423,0.30809138872022435,0.30561679963832306,0.2558621103020512,0.19716954814535867,0.1733859506248611,0.21902467708769227,0.23163876140891504,0.20840207788798326,0.2152022209316862,0.20701095446840626,0.1957385873590936,0.20529642944659013,0.16937393643845922,0.13123325999926636,0.15432599302050576,0.18265458733517992,0.171931344297195,0.14435905981090333,0.17142466180306104,0.2584699098104778,0.33462575694288416,0.2820051685942592,0.17706437629370028,0.15136031052447702,0.1984132180344935,0.26569463232216156,0.2603694240628425,0.18382548356700845,0.14166903163953384,0.14237955150737647,0.18145657511833943,0.2106074950613948,0.14782288906833427,0.23493764214016172,0.32631785295029625,0.29796897870539774,0.20603447341418854,0.15588579468539523,0.15483074971814217,0.19730691753445612,0.2477741397494887,0.29446667148166966,0.34024549667561393,0.30598943327342204,0.28765276737877593,0.3845882841786555,0.47265169076164226,0.4697946887372734
0.06422120467220058,0.0,0.07460083961587768,0.11447232925594937,0.13567552054312926,0.18737475103005793,0.20818769157550346,0.15961365989853038,0.10730540093617724,0.1772525824027624,0.2962797700770347,0.2809068540167462,0.23877204060384424,0.19051194834306126,0.14772309189119545,0.10115115358479226,0.09196577309677487,0.11782148080289909,0.13131173306311636,0.14895143931958515,0.18749408610647772,0.26535840870187516,0.3117264724672599,0.3036980143456912,0.24809124448782668,0.18696837728158436,0.1747750152663361,0.20996137691168063,0.2199572103778946,0.19685348077310194,0.21435970979604785,0.21327983176427054,0.1980772516183557,0.1981258158235056,0.17069768637620267,0.12867726361636356,0.1361438885523309,0.16198936955138582,0.1595225274731787,0.14196899446596833,0.15768328735738177,0.22779805719231372,0.3029479922726501,0.2504717763467717,0.15521874331031194,0.13060389924384808,0.16904066769963205,0.24230325861019142,0.2424755039117813,0.1761107725499836,0.1390021141716157,0.14176516463073066,0.1840158411150309,0.21270904590615156,0.14101422597551033,0.22043384833237234,0.32037280010496466,0.2974283720224191,0.20047719800485236,0.14703308426353584,0.14267516660116117,0.18365763775706284,0.23826529219287768,0.28755496681920684,0.337587063212075,0.3033713416895473,0.2729435976116246,0.3653293277195022,0.4668464380608831,0.4492627809832397
0.09671063439089023,0.07460083961587768,0.0,0.07821064195275886,0.10656389582041777,0.1475793522201406,0.15327303522086486,0.14111821926511356,0.1126657998651845,0.18106505258196784,0.295696332329898,0.2865232672224633,0.25171530826040106,0.20306530530489525,0.1534668580442156,0.1122292332413079,0.08916507934909473,0.11108031034061824,0.1327549227357483,0.14885985740737523,0.2005344386322709,0.2794551182275977,0.3341463428037808,0.31370755988836246,0.24857227156946568,0.19022361792936454,0.17731687211783048,0.21321949348060382,0.22972620708683525,0.2121423153365475,0.22549317154940207,0.22625489957954315,0.21718699652198076,0.2091380217090891,0.17828926242986165,0.12657358120472073,0.13510867143984576,0.15950247003088813,0.14575858743141934,0.14048609739396853,0.16602248018020835,0.21898706178340446,0.27122719191564043,0.22259821430047427,0.13858028450762194,0.12287957111452413,0.1587252897840607,0.21870907325077446,0.2266224085612241,0.1719087866775725,0.133910052416571,0.12602257862853639,0.14433452751108145,0.16894644364826042,0.12465252023096532,0.23392726845974457,0.3406876543017247,0.31629516365178423,0.21037570300993194,0.15849401381227998,0.15018911355677406,0.1830180472855124,0.2259379831988627,0.28540422497374934,0.325894587857502,0.2835047571088416,0.2252518364672926,0.25981785853830297,0.34818653985502257,0.3869026430348425
0.1240670553600241,0.11447232925594937,0.07821064195275886,0.0,0.0832730703354517,0.12930284542644493,0.1430554324385243,0.11893713322712283,0.1195817833377885,0.20683771485463948,0.33217923726613924,0.32294703507332945,0.2771936130352226,0.22553313360551314,0.15668180619255684,0.11374725751332024,0.0954105731624104,0.10435565890650872,0.12550113224797266,0.13674931156312164,0.20626189272486606,0.3144157429185287,0.3782772945429823,0.3481304733172277,0.2888645343964822,0.2207929422761005,0.19933498321679494,0.23694641081382564,0.2598507096290853,0.24128264869965343,0.2430286462580728,0.24994842836839004,0.2569331922017844,0.22590106971130766,0.1794745567366688,0.1381494288768118,0.132483661832681,0.150318445429938,0.14460483769474874,0.1522826114274321,0.16484540082191818,0.1956651872469174,0.25693322219137105,0.20617756582226499,0.1150485090197766,0.11760145652931456,0.15001090710902368,0.19804939783550868,0.1912463445046134,0.1610168840876101,0.12883292348052833,0.12495155213026145,0.15574208104718987,0.18363106514390057,0.13384440016716115,0.2448416557291658,0.35223614327341357,0.3278410353202777,0.22485612541366864,0.17034140622771013,0.16054522496972504,0.18330856146192684,0.21523664788111924,0.2719529225902297,0.3209893070265907,0.2732124320613222,0.20417778095526976,0.22538180525474588,0.31100713694621407,0.34514844990506605
0.1489991312997039,0.13567552054312926,0.10656389582041777,0.0832730703354517,0.0,0.09550367839497709,0.12458195119525647,0.11081483452860288,0.1458964577115567,0.2725655113473713,0.3964816115363298,0.4024595699756883,0.3452628029583863,0.2810417799584618,0.23350861386190444,0.15588444095833398,0.1099447106017023,0.09515380374048558,0.11368470517382598,0.13917584010366674,0.22597533548401585,0.3668525194855846,0.42623988468321267,0.40457625257838736,0.3644770188727932,0.2878362221520227,0.23131697443616905,0.25867044600150024,0.2653990299998948,0.2995090442734997,0.29219862146180803,0.31725333897426816,0.28552127030423513,0.26816757887924053,0.21229817224453654,0.1559377496056842,0.15338188122344049,0.15501505151742334,0.14610965355532926,0.14457371508617803,0.16169638623149082,0.16127602175341052,0.19503819679368603,0.16898719063379575,0.10698681951514062,0.12110791657218949,0.14716731886414128,0.17243230048826572,0.17352645894915497,0.1448045502490064,0.12808962456443948,0.15035821872045305,0.15709854066026388,0.18438909378114995,0.14658339810728052,0.25025835827535003,0.3619723888075169,0.34802317125708626,0.2562175748086025,0.20604973650333547,0.17857445422435056,0.19395937174591885,0.2306424451704072,0.2975731613706741,0.34191107639526896,0.2839807539048173,0.20352183500096094,0.20883953552445988,0.28266144111252767,0.34224673490466684
0.17697662008901424,0.18737475103005793,0.1475793522201406,0.12930284542644493,0.09550367839497709,0.0,0.06488917535382221,0.10449725812827956,0.196294539776322,0.3767349134446883,0.518259718323212,0.5072986483805226,0.4236784507393933,0.35830191646390314,0.302188851387419,0.21460079974767013,0.1558516730454111,0.15345060283499992,0.1445998090159745,0.19119201887503576,0.2953466027270246,0.41861841820107704,0.4807467040127623,0.4830200450851767,0.4660333602748279,0.38311498661222154,0.2994392502004539,0.31205647483428994,0.3309991242022809,0.39076816048675134,0.3716650024624859,0.37530093058590397,0.36707260955719023,0.34734843537573795,0.2826104755359826,0.23039995244429215,0.21213951425383817,0.19392667625823407,0.19163448170659614,0.19293418349695382,0.2108481311291422,0.19886898897802027,0.2010758065438201,0.1461138712944848,0.13877238950306695,0.149597220656486,0.15497263893602845,0.17895319037806467,0.1603635715093353,0.14030234235804698,0.16378060888542798,0.17755239775624843,0.16161122617133905,0.15847687759305554,0.15563473426691177,0.2701042183892788,0.4178499764919467,0.4163791223838227,0.3364301965821151,0.2654235898051897,0.22937205861213478,0.23368884294269088,0.28099098713981535,0.3479234428789826,0.39294927214617803,0.3345079292096175,0.20567278731533115,0.14896026619715608,0.1905363425100443,0.25467889119492987
0.21053099563315306,0.20818769157550346,0.15327303522086486,0.1430554324385243,0.12458195119525647,0.06488917535382221,0.0,0.09924989336676295,0.2033172963651956,0.4426904983821895,0.5900380042625943,0.5628421219726082,0.46779929890970723,0.39001189829822747,0.33373619766082874,0.23627066317351,0.17387311005053196,0.14388096156609362,0.15229883604584227,0.20037608334728094,0.30686661028206713,0.42702723184442876,0.4930317762410978,0.5185759690464742,0.5267367387896408,0.418449658283814,0.33007431606210275,0.3380064333385183,0.3639632367741544,0.4247439479314036,0.4282409838087596,0.41361291064546873,0.39225863123177135,0.3776910516222219,0.3148772385278662,0.23704057477447665,0.21786045941193405,0.20628206416547784,0.20450401560472822,0.20158686003403165,0.2169460269263628,0.20198843400468838,0.18802266482153496,0.14351983645823832,0.14599499557107717,0.15860538218559964,0.15606665276073298,0.16147817154276145,0.14993343616983965,0.14137689431619577,0.1680270890094859,0.19309212210962734,0.17199924043408144,0.17892970730932845,0.16839443277319205,0.30010714559476154,0.4468848736222624,0.4477763807328508,0.36071854919754043,0.27493912038191487,0.21845097181443582,0.22028111038406098,0.26942900585272794,0.3595459814802041,0.4094650111147815,0.3353634050269569,0.20148981863751445,0.14762688721158582,0.18884604393215818,0.248139893122015
0.18298710066347265,0.15961365989853038,0.14111821926511356,0.11893713322712283,0.11081483452860288,0.10449725812827956,0.09924989336676295,0.0,0.13221714206545365,0.3884139567507496,0.533289969396497,0.5158869184819299,0.40310114826186244,0.3229966644550384,0.2670301037619813,0.20397293024665267,0.14359110818965692,0.12086053874428047,0.11113014605567358,0.14628171481405286,0.23329059328303015,0.3869306340604713,0.4587448216100221,0.45499618028751115,0.44600220545987596,0.3348172990831828,0.2798161401299982,0.2849155142947206,0.3057943606134011,0.343573491873812,0.39933255265095036,0.3925814619565668,0.34165395124568687,0.3111774708872998,0.25732773712422713,0.19293937826309868,0.16777595364025466,0.16221107015346573,0.15386878153114877,0.15628264953596685,0.16810315301742654,0.16102057970979178,0.15448974004543062,0.12394125031627323,0.10623145785556705,0.1278577227061444,0.1308987495570993,0.13140706911814043,0.1346321937580221,0.1283618291940733,0.1393193297930719,0.14990614985318432,0.18486392716791272,0.19804197958196876,0.16009645351701526,0.2801356391167263,0.41047151005593974,0.4069727280805798,0.31261695177384846,0.21679419792332907,0.17223104669656178,0.16650272078249645,0.21230904935969552,0.2910338829953658,0.34802161586531405,0.27783245990133604,0.17955392097255515,0.18498905593451279,0.2682593505441513,0.31789521227994877
0.12249784063360668,0.10730540093617724,0.1126657998651845,0.1195817833377885,0.1458964577115567,0.196294539776322,0.2033172963651956,0.13221714206545365,0.0,0.13203830409262038,0.24060793079717993,0.24252588937251232,0.2101326639882134,0.15768907524229187,0.10882730125147493,0.09896355426696521,0.10047571796518023,0.12886841721390063,0.1477122415197117,0.13757903504717783,0.18575158435034783,0.259509594289746,0.29851615711508006,0.25855184013420446,0.1945173106742187,0.15008222489919051,0.1241850075432326,0.1506996975496974,0.1802524244630356,0.18283671404334162,0.20951233148354423,0.21249265946626317,0.21891696438181732,0.2093439072647023,0.17105827062019105,0.13291254583856207,0.14008992220667815,0.14350754962431367,0.1286701878503334,0.11495751023740892,0.12151908835497151,0.16269928693481345,0.19671151518741056,0.17406444620062383,0.1454573515847548,0.13367254134830456,0.13226203952037918,0.18402533159613088,0.19647570093089997,0.1820825674340421,0.15891345781356372,0.15355973222316344,0.2106700820467523,0.25062059830846495,0.18823423594987915,0.26108400880745664,0.37451552542121413,0.35560094011381693,0.21057981297062153,0.15128601833629474,0.130370670681041,0.1602754419672103,0.20477081958120244,0.2587472188792642,0.2980114741552885,0.2545710296679286,0.2516195421988626,0.2870496779587678,0.36980431004058373,0.4212660648458489
0.1863689360433079,0.1772525824027624,0.18106505258196784,0.20683771485463948,0.2725655113473713,0.3767349134446883,0.4426904983821895,0.3884139567507496,0.13203830409262038,0.0,0.0821033538235509,0.09308680768789791,0.0988936024149873,0.09939874502967008,0.0876331204282947,0.10394609394660011,0.16304571539816112,0.2605111480440307,0.2907208897178552,0.26178197334988673,0.19708995643494012,0.1967784520898826,0.1859184744307692,0.12191403210534346,0.08857621619048495,0.09190178528086385,0.10333617064823296,0.12730472512792812,0.13082250056144754,0.11221411231345904,0.11721443674012559,0.13024194097531044,0.1490893983171951,0.14307829306662698,0.12880674532438058,0.14159076167536225,0.21776088050741238,0.2395514665133085,0.2111863043907162,0.1829412966397463,0.19749558567062522,0.2712847371378374,0.34744953030900816,0.3971197568452513,0.33093980641487475,0.21171770983812757,0.23108244330391567,0.3047466996984865,0.3432455479082477,0.29048568152199206,0.21542733564028677,0.21487545968911215,0.28041770432194446,0.3076412068157819,0.22002642231126981,0.17013408698816496,0.25111501822874926,0.20525677603888198,0.143727585452193,0.1332708968754701,0.17891795829584137,0.2640053033599795,0.22955545246173442,0.2595483511758107,0.27599225573145375,0.2755967574879684,0.36975055122974765,0.4715231192662655,0.5433919357331927,0.5650747504363878
0.30035059900723565,0.2962797700770347,0.295696332329898,0.33217923726613924,0.3964816115363298,0.518259718323212,0.5900380042625943,0.533289969396497,0.24060793079717993,0.0821033538235509,0.0,0.05419286266752618,0.08105609913852437,0.09474488696914854,0.12145000841140113,0.18176988814825198,0.2779051657958354,0.4054300694094777,0.433144861173099,0.40833773587201866,0.27168244553473264,0.20243728325624574,0.15929242414383218,0.09237321022747157,0.08677706528124346,0.1086029265143087,0.13266070989906217,0.15909280401869816,0.15439943784784943,0.1255912646681661,0.12043838964938218,0.12402706374541911,0.13857128019769513,0.1418649998281856,0.15616144333060308,0.22345810485806034,0.3579820646188586,0.3764911664663837,0.3376001619704774,0.2818036977952712,0.3078909710241586,0.3715295565784673,0.5023669510092093,0.5851925091411883,0.5054614328457203,0.35324743631684075,0.35873519828770045,0.4605177923595363,0.5074599322411313,0.4528947659757436,0.35589113288577506,0.3123632849433498,0.4006098429634503,0.4296612914860018,0.321501369256292,0.17202148229243516,0.21568607848508456,0.1722431881957064,0.1317440044675453,0.1445390545905907,0.25925390498044787,0.39762192160415066,0.2957480149583689,0.27666639485898253,0.3069891300396472,0.3476882235969095,0.5055322761680483,0.6283024476319641,0.6755838393197514,0.6593279913580135
0.2943785151450606,0.2809068540167462,0.2865232672224633,0.32294703507332945,0.4024595699756883,0.5072986483805226,0.5628421219726082,0.5158869184819299,0.24252588937251232,0.09308680768789791,0.05419286266752618,0.0,0.05346457973775481,0.08900199346908626,0.1206779670173027,0.18437921190904125,0.26922998910755463,0.389125828379604,0.4096417299129202,0.3636858884230469,0.2338154846680729,0.16874549220701232,0.13164730755414428,0.08252419492484622,0.09452280109197086,0.11231889291337678,0.13779606839440556,0.1465091593208444,0.13383704325977339,0.10641391501422914,0.12330660474091162,0.13292373224310536,0.12435149789937101,0.140484884631108,0.16221989522697758,0.23136813461430544,0.3331213854294187,0.34461729315757844,0.3086089298947007,0.26815227888439336,0.29050836894049614,0.354281797055961,0.4615248978735134,0.5105468665651247,0.46431098412224964,0.32654842792136535,0.3295409407645037,0.4214809668504631,0.46037234123661713,0.4073493507898908,0.3166352162470403,0.2981692726092161,0.385802276841529,0.41573467758914057,0.31563275408715596,0.17511377353258228,0.20708436002047656,0.16988750440780392,0.11287137161173254,0.1378569090695303,0.25684214692403873,0.37072385355418447,0.29250175619341084,0.26702972715486406,0.3047489396599783,0.35723530857964697,0.4940028905276445,0.5756708510018136,0.6399421165555629,0.602930975691475
0.23770445021249725,0.23877204060384424,0.25171530826040106,0.2771936130352226,0.3452628029583863,0.4236784507393933,0.46779929890970723,0.40310114826186244,0.2101326639882134,0.0988936024149873,0.08105609913852437,0.05346457973775481,0.0,0.06038477874018972,0.10769647867680304,0.15708637958164526,0.22357288801777514,0.31628905454849277,0.3208437994124884,0.27417936505384455,0.1800229502410498,0.14407207782565756,0.11444259606070396,0.08244168405990607,0.10017263685942086,0.11138853155814318,0.12075366163056772,0.11706782328591447,0.09677359242246102,0.09210031698866006,0.1142900463336121,0.11590425188009135,0.12771633255588125,0.1490747506275479,0.16145257783491643,0.21369348598906487,0.281539146260716,0.28584372489028637,0.25722090032260947,0.21869578116020436,0.2402946131770394,0.2906482343182674,0.38482126009868217,0.3819660467907947,0.3684545722897515,0.27728864047172885,0.29382690603408435,0.3561466692569569,0.3665175351214763,0.3167042172768568,0.25747750128597086,0.2558902326096674,0.339935273468965,0.3871405560528595,0.303020805062401,0.18688451120987554,0.24816160484007646,0.19307499941157874,0.11580737398980434,0.11993866045776853,0.21210264260410683,0.29860523325159394,0.24726892538245326,0.24870650076113626,0.287047371673421,0.3303784928991824,0.4286820735852559,0.48073336026733154,0.5351275880415965,0.5512810749204515
0.19593171735846723,0.19051194834306126,0.20306530530489525,0.22553313360551314,0.2810417799584618,0.35830191646390314,0.39001189829822747,0.3229966644550384,0.15768907524229187,0.09939874502967008,0.09474488696914854,0.08900199346908626,0.06038477874018972,0.0,0.0656999768741217,0.11917604212696956,0.175942137543459,0.24586300526841945,0.2534714719664795,0.22669567727158252,0.14775169292193943,0.14939027819618672,0.14217012510473728,0.09740302953012286,0.0887263303129109,0.1073277991223822,0.09257709124887475,0.09285115906482524,0.07934271385848395,0.07895734976990135,0.10374942776471763,0.1210980344479172,0.12546149867382295,0.13939779036638314,0.15052068161541102,0.17382823190873317,0.2328938960184961,0.23439337122491047,0.2017907974966616,0.17304386166362104,0.19170149164958947,0.24165549122611985,0.3349155391003974,0.3173562046624345,0.2892335586944691,0.22121759464068444,0.23157004880610604,0.3028336344375695,0.32456351117853033,0.26673559647869927,0.21593561556234267,0.20802950937218995,0.29324051695183434,0.34476356382515894,0.26500226060241827,0.2090093527558009,0.2975611591582839,0.23559843108036108,0.13155429220289064,0.11140797253572236,0.1677382848249038,0.24940271359215516,0.21756048092899796,0.2414147252238558,0.2811412467565777,0.29487493611422405,0.3715006016284693,0.4310956768556284,0.505337479196501,0.5198524326343757
0.15146062760738446,0.14772309189119545,0.1534668580442156,0.15668180619255684,0.23350861386190444,0.302188851387419,0.33373619766082874,0.2670301037619813,0.10882730125147493,0.0876331204282947,0.12145000841140113,0.1206779670173027,0.10769647867680304,0.0656999768741217,0.0,0.07099048203540803,0.13151282270243292,0.19156840034337438,0.19968932785507987,0.1914307807736776,0.163218759845561,0.19223157755716413,0.1961454738260406,0.13852089219380306,0.0946145507617919,0.10228060553492342,0.08952998668964118,0.10477262490993063,0.10880767329354717,0.09524099887255914,0.13418750450398098,0.14671415798299875,0.15495315591023376,0.15296144457386618,0.13531499959049664,0.13555639563475252,0.17589105901371596,0.18543472835831515,0.16981857816121015,0.1439476780601284,0.15035086857652608,0.20933568455582197,0.29174793479177835,0.28648089477471217,0.22780152729879521,0.16718660914909203,0.18663134529985703,0.269363644577969,0.290620011308913,0.22717349580097593,0.17574776678382506,0.17014123862119424,0.24944354642381558,0.29368157116017046,0.21654019278931164,0.21109564482705503,0.32993884502186455,0.27452327582306874,0.16204225162986863,0.12281076194635819,0.1448609101355998,0.2176257532510055,0.22001925646850093,0.24548905907460075,0.2801635953864869,0.27181107612895833,0.34185804450705737,0.40759652168139093,0.47861758640641405,0.5015591333119729
0.10861005972884362,0.10115115358479226,0.1122292332413079,0.11374725751332024,0.15588444095833398,0.21460079974767013,0.23627066317351,0.20397293024665267,0.09896355426696521,0.10394609394660011,0.18176988814825198,0.18437921190904125,0.15708637958164526,0.11917604212696956,0.07099048203540803,0.0,0.062169174644102106,0.11393961679754655,0.14712280421732182,0.15067354740020095,0.17185077972768745,0.21600606022256258,0.24026663913712715,0.20706356453515384,0.14808107205262583,0.11564317962726509,0.1081117042644467,0.13058841043075564,0.14121129272109756,0.1321072040182782,0.16032101955948025,0.1687331322674315,0.17707161729686888,0.1848319774517948,0.14477892918409022,0.12939985538564097,0.14756315519724278,0.16991859725805708,0.15864255443304928,0.14098627631938251,0.14194443003201485,0.2093263056139218,0.27026898933546084,0.2455444908862017,0.1712845387582965,0.1251677569760182,0.16519829438328504,0.229743466217828,0.23739460975987398,0.178058537353195,0.13849445379212086,0.14851271226219448,0.2094753085606057,0.2472052232070552,0.17053180362043416,0.23583791830302808,0.3561814579013011,0.2964202138680126,0.17000813393513145,0.13514159780187107,0.15681017632428337,0.18734230325565485,0.21147708746289784,0.2428049318543966,0.27588387982599927,0.23861190101878083,0.24812730203959796,0.3767524357827811,0.47572707568099454,0.490191487691281
0.09968761789581959,0.09196577309677487,0.08916507934909473,0.0954105731624104,0.1099447106017023,0.1558516730454111,0.17387311005053196,0.14359110818965692,0.10047571796518023,0.16304571539816112,0.2779051657958354,0.26922998910755463,0.22357288801777514,0.175942137543459,0.13151282270243292,0.062169174644102106,0.0,0.06427600343127612,0.10166866161938216,0.1445060040848218,0.19002109151567562,0.26972515157726495,0.31626035366492933,0.29387303311234,0.2324378065545482,0.1723272060323126,0.15029908998241703,0.17943722646413376,0.19627099830463682,0.19423738451129643,0.22530315951925461,0.22285997972170743,0.22566077596187287,0.22542191683555113,0.18203373868133163,0.14667960499678848,0.147511683337342,0.17654741340257624,0.1655043054685347,0.1516656563314923,0.1545415984929061,0.224633081833542,0.2781170515028601,0.22849546255368897,0.13995687005960683,0.11846150169338118,0.1555675335878623,0.22291050563496426,0.2230739118423864,0.17313453503884865,0.1377177402352249,0.14690085523040194,0.20499965781188628,0.24191634672666076,0.16549200541143186,0.2626548756400844,0.3621663248212616,0.33644587039569,0.20123618937285928,0.1501369124739352,0.15589816419625224,0.18179694271955718,0.21480989396110842,0.2648344274081856,0.3018443867446112,0.2479876107767777,0.2236051852050215,0.3029629544029641,0.40576640520578033,0.4273268052836384
0.12744056380035163,0.11782148080289909,0.11108031034061824,0.10435565890650872,0.09515380374048558,0.15345060283499992,0.14388096156609362,0.12086053874428047,0.12886841721390063,0.2605111480440307,0.4054300694094777,0.389125828379604,0.31628905454849277,0.24586300526841945,0.19156840034337438,0.11393961679754655,0.06427600343127612,0.0,0.07140439131573706,0.12960110420416962,0.19610299833572223,0.32228243242719273,0.386788380352569,0.3916032861995159,0.33736472609145307,0.2622512253341485,0.22819694439903618,0.2557529831047736,0.2596363445645423,0.25921729938078886,0.29478201653832586,0.2858539556851459,0.26495644326581436,0.25099135321991645,0.21216387199782058,0.16399010290985366,0.14640530337633828,0.16062480416307173,0.1561314165280778,0.15118894598688148,0.16953307704591242,0.1943420768789233,0.25212027287274613,0.19938575226989724,0.11744626646942125,0.11537747597557059,0.1467163149928411,0.19260951336160426,0.18691616171848685,0.15483444529423232,0.13228586366765113,0.14088209334911084,0.19781094910146757,0.2277906816636581,0.15915401714108346,0.2596804690400055,0.3719930814759642,0.3518520576984047,0.2366379837222796,0.15894110364293174,0.15058016033567287,0.1832208770498308,0.2299813168872045,0.2909990234214292,0.3358585214675572,0.2818973098475092,0.21226053606874168,0.26178630011957726,0.3341770532244168,0.36691222542783064
0.14139002626659214,0.13131173306311636,0.1327549227357483,0.12550113224797266,0.11368470517382598,0.1445998090159745,0.15229883604584227,0.11113014605567358,0.1477122415197117,0.2907208897178552,0.433144861173099,0.4096417299129202,0.3208437994124884,0.2534714719664795,0.19968932785507987,0.14712280421732182,0.10166866161938216,0.07140439131573706,0.0,0.08135508682340165,0.17556079413731315,0.3123373930007396,0.3818674788672698,0.38539677287615814,0.3618245622468961,0.2748706083738072,0.22798835271468817,0.25269515346693694,0.268451359935261,0.2673085150252345,0.3193000619484953,0.3077812479614366,0.29722155032234615,0.2649065287453626,0.21614433759883445,0.1698741218239972,0.1420153989524076,0.13362738779617106,0.13029479454816453,0.13228517390203703,0.15185668921372109,0.1706638302495759,0.19949788241766409,0.14364574983456518,0.10106461346456402,0.10743639900011223,0.1214836516851809,0.14457016975582693,0.14178497983721353,0.12269149142662737,0.12531747909938004,0.13040067107159747,0.18620157488731187,0.22616893442410546,0.17384142275607783,0.2641513203141306,0.3771753761066895,0.36191990521557843,0.25082821792743815,0.15418369181509126,0.13128845597957128,0.15432715222998478,0.2106569143598622,0.2841995627712679,0.33295289506545117,0.2788741157039328,0.20563454193026282,0.2514506471701427,0.3418787328793224,0.3739567105854828
0.15732614693076197,0.14895143931958515,0.14885985740737523,0.13674931156312164,0.13917584010366674,0.19119201887503576,0.20037608334728094,0.14628171481405286,0.13757903504717783,0.26178197334988673,0.40833773587201866,0.3636858884230469,0.27417936505384455,0.22669567727158252,0.1914307807736776,0.15067354740020095,0.1445060040848218,0.12960110420416962,0.08135508682340165,0.0,0.10927897151505504,0.22495948216575543,0.29109344402313203,0.30877485253678255,0.3105691331068161,0.22696765771192504,0.179745447105878,0.1829389431864491,0.19264585977611365,0.24053311133731622,0.31253217796688265,0.29522990584449293,0.2555793789778475,0.25583127395655514,0.2201503910080723,0.18541464455047293,0.14943321349187488,0.13705318462196167,0.1274863720175364,0.11240307769749816,0.12560995931589308,0.14253178668868086,0.1508071815696431,0.12455234483071091,0.11571169434011941,0.11844000369979575,0.11936654021837237,0.13852279332151032,0.135401986160341,0.12549487086886643,0.13208731767352194,0.1304329336452225,0.17503643776944744,0.22738478728343847,0.17595341673224685,0.2851490609194975,0.39816478213508133,0.374350494299402,0.27021763750369826,0.154279869948782,0.10224167122311249,0.11603229459712,0.15701058965909775,0.25011078418241484,0.296634499381794,0.2547172794124061,0.19683771115674248,0.24765485732570608,0.3216781288796362,0.3716311211604888
0.1913614822671408,0.18749408610647772,0.2005344386322709,0.20626189272486606,0.22597533548401585,0.2953466027270246,0.30686661028206713,0.23329059328303015,0.18575158435034783,0.19708995643494012,0.27168244553473264,0.2338154846680729,0.1800229502410498,0.14775169292193943,0.163218759845561,0.17185077972768745,0.19002109151567562,0.19610299833572223,0.17556079413731315,0.10927897151505504,0.0,0.08999673082869095,0.1305259738458239,0.15673449584813187,0.17661631828542096,0.17078712103006577,0.1338251631500717,0.10452133095081244,0.11432785098427643,0.16610179968311325,0.23682799724929604,0.23013500765096268,0.20703464845718758,0.21540123414567894,0.21796077339282394,0.2080292363700356,0.20520610778092244,0.18562776492275485,0.1548274278671485,0.13947714223405183,0.16247072436196813,0.16813565601232777,0.18848739745821824,0.19019796156154065,0.18025150904358256,0.15863191772199373,0.17085308176859568,0.18536371363234455,0.19942164623603553,0.18408624213589078,0.17582087649978384,0.17524328095834033,0.23737490843022133,0.28589429128570565,0.24307951705201597,0.3360163225333082,0.43691293787437757,0.37976467518980067,0.22514938899682035,0.1464715150345154,0.11961828477270503,0.13328383249811768,0.1286428113921106,0.18364488681066063,0.23535635394076165,0.2276749453193286,0.22718495586881057,0.3131237374240621,0.3886190893028558,0.43972187227919646
0.2558724166727423,0.26535840870187516,0.2794551182275977,0.3144157429185287,0.3668525194855846,0.41861841820107704,0.42702723184442876,0.3869306340604713,0.259509594289746,0.1967784520898826,0.20243728325624574,0.16874549220701232,0.14407207782565756,0.14939027819618672,0.19223157755716413,0.21600606022256258,0.26972515157726495,0.32228243242719273,0.3123373930007396,0.22495948216575543,0.08999673082869095,0.0,0.06425262479156364,0.12061971931873208,0.17419283380000652,0.18115835023019805,0.14904366240319306,0.13103415502331114,0.14042638203477348,0.17401928015253415,0.22602754632558342,0.22065466599278916,0.20938352974067,0.2253711552777415,0.2412887342078126,0.2597474364451235,0.2988635579131281,0.2681811861503704,0.22492278947954472,0.2026185280514428,0.2171373657147361,0.23368386189364,0.26897362407913594,0.290221585844655,0.3092391729488924,0.24385241179197392,0.2545340682079638,0.26977053150526786,0.29322663147225075,0.28168339873844084,0.2590830283403321,0.26173009151520743,0.31504586824940867,0.3636996228829,0.30849080120110794,0.2948997777727113,0.3559182282569238,0.3055512150029642,0.20978808313489453,0.16801984845197307,0.1745650218078149,0.2032658786416872,0.16724438204363157,0.18688505033990818,0.244041204397433,0.259368480258922,0.3128336429218801,0.39313789767643853,0.4449170164838292,0.5048897439335793
0.30809138872022435,0.3117264724672599,0.3341463428037808,0.3782772945429823,0.42623988468321267,0.4807467040127623,0.4930317762410978,0.4587448216100221,0.29851615711508006,0.1859184744307692,0.15929242414383218,0.13164730755414428,0.11444259606070396,0.14217012510473728,0.1961454738260406,0.24026663913712715,0.31626035366492933,0.386788380352569,0.3818674788672698,0.29109344402313203,0.1305259738458239,0.06425262479156364,0.0,0.09019653051951206,0.15930811536384173,0.16903157513076628,0.15185642167628138,0.13205101800491978,0.13826764295128077,0.17279562258715697,0.21701716655909575,0.21612240147403422,0.19076807081649258,0.2122982801868424,0.238574618775619,0.27552438153194336,0.35723742748585124,0.3225220819581401,0.2784267713871419,0.23963366145987258,0.2593892860076109,0.2641834395080645,0.3159918799567097,0.36531924346616423,0.40181186750476816,0.31712804209164797,0.30752463080186504,0.3184783558675019,0.342549704188224,0.33710399191054463,0.3111722338598433,0.2990232346977761,0.3478009972171083,0.4147082066173138,0.3465571022630452,0.252413591414012,0.2801381757948061,0.22975929541526413,0.1606386967815608,0.15622900375987533,0.20080325775620447,0.2719097359014795,0.21529547372239688,0.22275708329094854,0.27195021562935795,0.318653997440413,0.42538479499288234,0.435596775546619,0.45613304611940847,0.4909244283087824
0.30561679963832306,0.3036980143456912,0.31370755988836246,0.3481304733172277,0.40457625257838736,0.4830200450851767,0.5185759690464742,0.45499618028751115,0.25855184013420446,0.12191403210534346,0.09237321022747157,0.08252419492484622,0.08244168405990607,0.09740302953012286,0.13852089219380306,0.20706356453515384,0.29387303311234,0.3916032861995159,0.38539677287615814,0.30877485253678255,0.15673449584813187,0.12061971931873208,0.09019653051951206,0.0,0.09594788993215929,0.12278445512919144,0.12689114936566512,0.09798168210526984,0.09246992166537003,0.12734475155031952,0.16086944401836767,0.17028228858032265,0.17906036658828106,0.1832333064780035,0.18727391390222958,0.2414990880211835,0.3317795164268115,0.3026249944936227,0.2578945075411804,0.21930627552781976,0.23476150753437122,0.27205201428086834,0.3544688797753983,0.39237508544171545,0.42510161501260596,0.315102524773899,0.28372010859581315,0.3385674692631128,0.3654137154828607,0.33457252358802647,0.2832595256638142,0.251021669788347,0.3311157599492775,0.39256218621916866,0.3204913947162933,0.18491749067517066,0.23536825003848358,0.19366647267711282,0.1318216327935992,0.12534457056740725,0.2203007457851311,0.33068391444639017,0.23782447942774648,0.24700193910327375,0.2858247865850388,0.3315205475932686,0.47741309205217675,0.46390437057136114,0.47546873454779975,0.48973415788660674
0.2558621103020512,0.24809124448782668,0.24857227156946568,0.2888645343964822,0.3644770188727932,0.4660333602748279,0.5267367387896408,0.44600220545987596,0.1945173106742187,0.08857621619048495,0.08677706528124346,0.09452280109197086,0.10017263685942086,0.0887263303129109,0.0946145507617919,0.14808107205262583,0.2324378065545482,0.33736472609145307,0.3618245622468961,0.3105691331068161,0.17661631828542096,0.17419283380000652,0.15930811536384173,0.09594788993215929,0.0,0.08698887058520574,0.09491249642595419,0.10927697568770628,0.11697132182643866,0.11114477844996276,0.1408519504745234,0.16768654942454703,0.162273807724054,0.16106983303287634,0.1516491522642563,0.17464662428027544,0.280637704523208,0.284736078819234,0.2418372308399905,0.20422128435872422,0.22369525257078807,0.26825042867764715,0.37931682844840364,0.42837495217507743,0.4031941048645125,0.2787216595407617,0.261292956993859,0.3467175229622315,0.3904262689704017,0.3338281035764014,0.2507757369418103,0.22282854808445113,0.31040976221202476,0.3551105534697895,0.2652565687273023,0.17158407861407518,0.24918200567521404,0.20892624471553067,0.1420258288365214,0.1204988360513512,0.1928855304746796,0.3207754840057142,0.23675649020349673,0.2549477641240955,0.28886701653453517,0.3051717545387969,0.4445741827336387,0.4829511717340372,0.5387065903027274,0.5606989313915619
0.19716954814535867,0.18696837728158436,0.19022361792936454,0.2207929422761005,0.2878362221520227,0.38311498661222154,0.418449658283814,0.3348172990831828,0.15008222489919051,0.09190178528086385,0.1086029265143087,0.11231889291337678,0.11138853155814318,0.1073277991223822,0.10228060553492342,0.11564317962726509,0.1723272060323126,0.2622512253341485,0.2748706083738072,0.22696765771192504,0.17078712103006577,0.18115835023019805,0.16903157513076628,0.12278445512919144,0.08698887058520574,0.0,0.06639522985853098,0.09935957504822136,0.11472040528566373,0.11745231856817745,0.1498731492728299,0.16604711351727858,0.1675265833311288,0.17072905595762344,0.1530770536282006,0.15608365954546508,0.2115608195430478,0.2118294486847864,0.17900711542281608,0.15385219766865063,0.16670102860246022,0.2216412306238466,0.2895862666599495,0.31036382543650864,0.31240094121678247,0.19945701116660558,0.19669271369840075,0.26099553060693553,0.2889771329095319,0.24948211893097214,0.20118187745066138,0.18788093706928893,0.2567375539481678,0.29896283812064484,0.22090853560774243,0.19342743810731375,0.26565973949515587,0.2317599116513631,0.1454747088969749,0.13118429992501787,0.16228697094567512,0.237997947179655,0.21575253062817057,0.25265919083511973,0.277079151916685,0.28447798166590776,0.3447054170594781,0.37438265995443815,0.4531861542542992,0.4998555083092999
0.1733859506248611,0.1747750152663361,0.17731687211783048,0.19933498321679494,0.23131697443616905,0.2994392502004539,0.33007431606210275,0.2798161401299982,0.1241850075432326,0.10333617064823296,0.13266070989906217,0.13779606839440556,0.12075366163056772,0.09257709124887475,0.08952998668964118,0.1081117042644467,0.15029908998241703,0.22819694439903618,0.22798835271468817,0.179745447105878,0.1338251631500717,0.14904366240319306,0.15185642167628138,0.12689114936566512,0.09491249642595419,0.06639522985853098,0.0,0.0666193157168546,0.0840109655727311,0.10827290413831273,0.1462545812722117,0.1711346748494329,0.17359244145123462,0.18683221430640365,0.1647447992984835,0.16056969109777672,0.18933060245753125,0.18479809776546108,0.15223303503284286,0.1204721586888733,0.13131147284807818,0.16962861098776746,0.2341541512496605,0.2333130599932454,0.2599898138652213,0.17478495437311303,0.16452789621600555,0.2094813307004553,0.22732447435552117,0.212418905469495,0.17826073859957905,0.1645074659992256,0.22264232881693022,0.31353764559377784,0.23350463513591851,0.23009532848333844,0.33027574093809425,0.27680617172926014,0.16979540060232934,0.11610622782847754,0.12828863842446864,0.19036066525970136,0.1916271722982048,0.2259395607734194,0.27063398756162854,0.26123230950239057,0.30956284492072655,0.3299244825773871,0.3910087377398066,0.4642901503075572
0.21902467708769227,0.20996137691168063,0.21321949348060382,0.23694641081382564,0.25867044600150024,0.31205647483428994,0.3380064333385183,0.2849155142947206,0.1506996975496974,0.12730472512792812,0.15909280401869816,0.1465091593208444,0.11706782328591447,0.09285115906482524,0.10477262490993063,0.13058841043075564,0.17943722646413376,0.2557529831047736,0.25269515346693694,0.1829389431864491,0.10452133095081244,0.13103415502331114,0.13205101800491978,0.09798168210526984,0.10927697568770628,0.09935957504822136,0.0666193157168546,0.0,0.047446560667274075,0.1008731675829174,0.15963933301219965,0.18003386131674304,0.17637511117476878,0.1837684799220302,0.1888090999625358,0.18629746823790364,0.2274999451785695,0.20259983362362885,0.16573807271179805,0.12428707503471474,0.14060519484083006,0.16704089115139126,0.2309927969360346,0.23775942088019397,0.27383352078259465,0.20313891710739346,0.17906367173498716,0.2203181227687089,0.23998918090468402,0.22139346188473355,0.19430586110620293,0.1789776476979203,0.24064241622850144,0.3627372354547196,0.28028588875201216,0.2713693455548427,0.3626397286391655,0.3115795487325228,0.20311478581430922,0.12149253834948275,0.1314557620078798,0.20294644762360656,0.18239958810145457,0.22978367482163534,0.267689817914986,0.259739442016529,0.3314528418091852,0.3276482799819169,0.37374686788999434,0.43440455449570886
0.23163876140891504,0.2199572103778946,0.22972620708683525,0.2598507096290853,0.2653990299998948,0.3309991242022809,0.3639632367741544,0.3057943606134011,0.1802524244630356,0.13082250056144754,0.15439943784784943,0.13383704325977339,0.09677359242246102,0.07934271385848395,0.10880767329354717,0.14121129272109756,0.19627099830463682,0.2596363445645423,0.268451359935261,0.19264585977611365,0.11432785098427643,0.14042638203477348,0.13826764295128077,0.09246992166537003,0.11697132182643866,0.11472040528566373,0.0840109655727311,0.047446560667274075,0.0,0.06546250778795053,0.12771299694911514,0.144851483301719,0.14110740257305043,0.15435742284284434,0.1839203808195517,0.18949107587365377,0.2466920578539709,0.22910753595120126,0.19419936097820054,0.1434125611419352,0.17092660488207895,0.2064009751606109,0.2707716379613231,0.2757601764826943,0.29422307640111206,0.22989665684049929,0.2046896759338196,0.24878767924069212,0.26826153209630044,0.23657575743266207,0.20699961739213868,0.18121826031453558,0.25424215653777216,0.37256105012561347,0.29170780280208847,0.26254401756301826,0.3509470941778269,0.2896466887626445,0.17300662003633518,0.10972390820430146,0.15382278309563058,0.23781465282845624,0.20710754779624058,0.24828004688133004,0.2840147555528913,0.28768252912810177,0.35674270365209926,0.3540209122367885,0.38816778970674953,0.43868704375055956
0.20840207788798326,0.19685348077310194,0.2121423153365475,0.24128264869965343,0.2995090442734997,0.39076816048675134,0.4247439479314036,0.343573491873812,0.18283671404334162,0.11221411231345904,0.1255912646681661,0.10641391501422914,0.09210031698866006,0.07895734976990135,0.09524099887255914,0.1321072040182782,0.19423738451129643,0.25921729938078886,0.2673085150252345,0.24053311133731622,0.16610179968311325,0.17401928015253415,0.17279562258715697,0.12734475155031952,0.11114477844996276,0.11745231856817745,0.10827290413831273,0.1008731675829174,0.06546250778795053,0.0,0.06185119200988244,0.08370280439246375,0.11647595073847644,0.12555740655118744,0.1359122907275769,0.1686969010110415,0.24037894259738518,0.2501724377542329,0.22877329183557624,0.1866513457328686,0.2137620384727672,0.26366356804285457,0.3431136082393608,0.35111355052766335,0.31367367581074745,0.2389508831788849,0.23633280287490713,0.3063935571427926,0.34238608672098647,0.27695324640203767,0.22930662411214667,0.2071902417018356,0.2957427240312136,0.3503927208864883,0.27096708396161895,0.21010371648102238,0.2954302126769967,0.23524224448870917,0.12531389400831824,0.11259246871390678,0.17758541954455598,0.2812719075193273,0.24328683444177554,0.26316433645591547,0.3051008891549277,0.30279892381581414,0.38170328049967145,0.4380508286619438,0.4845294582200139,0.5113325242019338
0.2152022209316862,0.21435970979604785,0.22549317154940207,0.2430286462580728,0.29219862146180803,0.3716650024624859,0.4282409838087596,0.39933255265095036,0.20951233148354423,0.11721443674012559,0.12043838964938218,0.12330660474091162,0.1142900463336121,0.10374942776471763,0.13418750450398098,0.16032101955948025,0.22530315951925461,0.29478201653832586,0.3193000619484953,0.31253217796688265,0.23682799724929604,0.22602754632558342,0.21701716655909575,0.16086944401836767,0.1408519504745234,0.1498731492728299,0.1462545812722117,0.15963933301219965,0.12771299694911514,0.06185119200988244,0.0,0.050215476342245484,0.10459628520382588,0.10974482102665027,0.12306206899805032,0.17513142628274384,0.27340325102221763,0.28439530051852513,0.2733234623926536,0.24607616276186153,0.2761264699072798,0.32647733700725845,0.41579092257222,0.43178361956534644,0.35797324444555884,0.27131410608430195,0.29725344749043403,0.3664576677933614,0.3963522223406145,0.33211268792074383,0.26851368324500147,0.24994435272748913,0.30598885386270264,0.3633692393034061,0.26914074555109463,0.1819275423780132,0.2600809659896761,0.21073714675713187,0.13937523473539007,0.1448366952922925,0.2235813899422367,0.3283172395072122,0.28471262685964155,0.2909403408542461,0.3159948536439997,0.31286566444368585,0.36888836900124167,0.5224952484885669,0.5767610973139509,0.5796697980102372
0.20701095446840626,0.21327983176427054,0.22625489957954315,0.24994842836839004,0.31725333897426816,0.37530093058590397,0.41361291064546873,0.3925814619565668,0.21249265946626317,0.13024194097531044,0.12402706374541911,0.13292373224310536,0.11590425188009135,0.1210980344479172,0.14671415798299875,0.1687331322674315,0.22285997972170743,0.2858539556851459,0.3077812479614366,0.29522990584449293,0.23013500765096268,0.22065466599278916,0.21612240147403422,0.17028228858032265,0.16768654942454703,0.16604711351727858,0.1711346748494329,0.18003386131674304,0.144851483301719,0.08370280439246375,0.050215476342245484,0.0,0.06635468296907289,0.08565426111197218,0.11466275138838135,0.1799622066660167,0.27120481784316136,0.2932153780607246,0.2797276250533186,0.24198798767944485,0.27067218220985007,0.3262147127638403,0.4115121766979122,0.41193123699920753,0.3566806745999624,0.2612666705627159,0.27998487809986766,0.3543647489665499,0.38412267056813904,0.30398738654117446,0.2555458126194521,0.2442895674932986,0.323054247411663,0.3643885050124754,0.2586591174559923,0.19792531370429248,0.25572395819290533,0.20909632530939282,0.15424464706602942,0.16639088122352594,0.2382318094671007,0.3358341651341805,0.3099914388681651,0.3139495049046832,0.3494060222454263,0.3462562169650321,0.4172189884945468,0.5127202136105522,0.5691496691984352,0.5766781915137884
0.1957385873590936,0.1980772516183557,0.21718699652198076,0.2569331922017844,0.28552127030423513,0.36707260955719023,0.39225863123177135,0.34165395124568687,0.21891696438181732,0.1490893983171951,0.13857128019769513,0.12435149789937101,0.12771633255588125,0.12546149867382295,0.15495315591023376,0.17707161729686888,0.22566077596187287,0.26495644326581436,0.29722155032234615,0.2555793789778475,0.20703464845718758,0.20938352974067,0.19076807081649258,0.17906036658828106,0.162273807724054,0.1675265833311288,0.17359244145123462,0.17637511117476878,0.14110740257305043,0.11647595073847644,0.10459628520382588,0.06635468296907289,0.0,0.06299327289406066,0.12020132273829617,0.18932969066831098,0.26608293346027945,0.2926853503279027,0.2675597228174133,0.22518676945692706,0.24976863341833713,0.3064593683584304,0.3922850762164592,0.36334011428158997,0.31959184394846135,0.2540721697972127,0.2672172271143819,0.3319006248146957,0.34300608222556755,0.27974620256279037,0.23483739900786088,0.21900082112643696,0.2932147906832355,0.36311410643457187,0.2648785011513273,0.21231902001552022,0.24947250749781538,0.21331751136560356,0.16874461639884097,0.17986398509160606,0.24625246699099276,0.3230822342958074,0.3076910699035307,0.3073565570513719,0.37785995693706553,0.3760593802118516,0.4036843551142926,0.4692598354817008,0.5152476329986446,0.5449869779098776
0.20529642944659013,0.1981258158235056,0.2091380217090891,0.22590106971130766,0.26816757887924053,0.34734843537573795,0.3776910516222219,0.3111774708872998,0.2093439072647023,0.14307829306662698,0.1418649998281856,0.140484884631108,0.1490747506275479,0.13939779036638314,0.15296144457386618,0.1848319774517948,0.22542191683555113,0.25099135321991645,0.2649065287453626,0.25583127395655514,0.21540123414567894,0.2253711552777415,0.2122982801868424,0.1832333064780035,0.16106983303287634,0.17072905595762344,0.18683221430640365,0.1837684799220302,0.15435742284284434,0.12555740655118744,0.10974482102665027,0.08565426111197218,0.06299327289406066,0.0,0.08278023309199414,0.16619532622267097,0.2446902151726009,0.2557106859798041,0.24635992524320005,0.22467280966269115,0.23683775544946034,0.2734685040320114,0.32883771276061347,0.3238606829132394,0.29759694483906207,0.2476101057770481,0.2508170032962136,0.30331362992163,0.3179220381467266,0.27939544771702846,0.22855380735876815,0.21240787332275401,0.2610149491463667,0.33364455309391394,0.24892895976391036,0.1996462977474175,0.2467403651307244,0.21619108583846633,0.16235317543673353,0.16897242242325297,0.22479225589565613,0.3021653535535323,0.28665706524452317,0.3143698961665101,0.3492051956584977,0.3394162358514945,0.38385317096495286,0.4447570373159265,0.4892708040865393,0.5154368056041253
0.16937393643845922,0.17069768637620267,0.17828926242986165,0.1794745567366688,0.21229817224453654,0.2826104755359826,0.3148772385278662,0.25732773712422713,0.17105827062019105,0.12880674532438058,0.15616144333060308,0.16221989522697758,0.16145257783491643,0.15052068161541102,0.13531499959049664,0.14477892918409022,0.18203373868133163,0.21216387199782058,0.21614433759883445,0.2201503910080723,0.21796077339282394,0.2412887342078126,0.238574618775619,0.18727391390222958,0.1516491522642563,0.1530770536282006,0.1647447992984835,0.1888090999625358,0.1839203808195517,0.1359122907275769,0.12306206899805032,0.11466275138838135,0.12020132273829617,0.08278023309199414,0.0,0.09919418712980234,0.17603698682891394,0.20928213576450488,0.20125627366017,0.18832475528674883,0.19537157556705673,0.23984032185600448,0.28051631501931135,0.26211445327403937,0.22891462712773453,0.18913981105776087,0.19282402437641197,0.24621586714611227,0.26095741869683436,0.2302819674577119,0.18486561692325548,0.16907718142730718,0.2121795087889881,0.2518314397516163,0.18246168583805644,0.1845674358832216,0.27141189204550253,0.23977493253559076,0.16290059931401454,0.1559739053381385,0.20455924237596088,0.26223702196917426,0.26690338059639407,0.2997046408169592,0.32566650171465367,0.31079878796554783,0.33279451797458426,0.4166909347850703,0.45637980492917535,0.5053200278443761
0.13123325999926636,0.12867726361636356,0.12657358120472073,0.1381494288768118,0.1559377496056842,0.23039995244429215,0.23704057477447665,0.19293937826309868,0.13291254583856207,0.14159076167536225,0.22345810485806034,0.23136813461430544,0.21369348598906487,0.17382823190873317,0.13555639563475252,0.12939985538564097,0.14667960499678848,0.16399010290985366,0.1698741218239972,0.18541464455047293,0.2080292363700356,0.2597474364451235,0.27552438153194336,0.2414990880211835,0.17464662428027544,0.15608365954546508,0.16056969109777672,0.18629746823790364,0.18949107587365377,0.1686969010110415,0.17513142628274384,0.1799622066660167,0.18932969066831098,0.16619532622267097,0.09919418712980234,0.0,0.10675551887068459,0.15366584768814254,0.16376771114673871,0.15369088711416523,0.15985616601837296,0.2074014662284566,0.25508621795488867,0.21801642880848857,0.17625841034908019,0.1498098369798702,0.16321625922340274,0.2042177796688249,0.21952443177841885,0.1864247234737433,0.14628667472648194,0.1395930293530657,0.1755369857185742,0.21295517189448598,0.15858047136774214,0.2355458066964961,0.3369810048584656,0.3063819165235469,0.19798507648127875,0.16924749800873765,0.19492175516043284,0.2206147526013438,0.24541315978292058,0.28980793222050416,0.3310170768135972,0.30045032815444367,0.2817188613869271,0.35630872723310425,0.43872999067136204,0.4531152393880247
0.15432599302050576,0.1361438885523309,0.13510867143984576,0.132483661832681,0.15338188122344049,0.21213951425383817,0.21786045941193405,0.16777595364025466,0.14008992220667815,0.21776088050741238,0.3579820646188586,0.3331213854294187,0.281539146260716,0.2328938960184961,0.17589105901371596,0.14756315519724278,0.147511683337342,0.14640530337633828,0.1420153989524076,0.14943321349187488,0.20520610778092244,0.2988635579131281,0.35723742748585124,0.3317795164268115,0.280637704523208,0.2115608195430478,0.18933060245753125,0.2274999451785695,0.2466920578539709,0.24037894259738518,0.27340325102221763,0.27120481784316136,0.26608293346027945,0.2446902151726009,0.17603698682891394,0.10675551887068459,0.0,0.08931237657782652,0.12935250834314582,0.13564815987663448,0.14129709799677503,0.17546270400209835,0.2176585254282525,0.18403243221372798,0.13902606885039429,0.13233391598759614,0.13879177856139163,0.17166609164916788,0.177316468907064,0.15862436312659522,0.13169402909960085,0.13290106594063725,0.18737103993219806,0.22458340126594414,0.17512764315378168,0.27480905806287426,0.39958014277955506,0.3845731416569581,0.24193085116180474,0.16506041747037287,0.16790015454628496,0.1977170340303103,0.22898365090086312,0.2959782777858655,0.34581010529323775,0.3091826943651092,0.2664485310284748,0.3117688083496876,0.3902617504723762,0.4236064318229147
0.18265458733517992,0.16198936955138582,0.15950247003088813,0.150318445429938,0.15501505151742334,0.19392667625823407,0.20628206416547784,0.16221107015346573,0.14350754962431367,0.2395514665133085,0.3764911664663837,0.34461729315757844,0.28584372489028637,0.23439337122491047,0.18543472835831515,0.16991859725805708,0.17654741340257624,0.16062480416307173,0.13362738779617106,0.13705318462196167,0.18562776492275485,0.2681811861503704,0.3225220819581401,0.3026249944936227,0.284736078819234,0.2118294486847864,0.18479809776546108,0.20259983362362885,0.22910753595120126,0.2501724377542329,0.28439530051852513,0.2932153780607246,0.2926853503279027,0.2557106859798041,0.20928213576450488,0.15366584768814254,0.08931237657782652,0.0,0.08684798461389082,0.11804440811001639,0.13493158636149732,0.15605547551668322,0.1858310898970081,0.1583635999483202,0.13089845194910452,0.13277184023858987,0.13304457023872793,0.14799386422575853,0.1578963367482411,0.13909656658887298,0.1315343578642304,0.1402742181275055,0.18388552386419335,0.22215862308411488,0.1788537891680379,0.30384639888902,0.4298218044998841,0.4170019342293832,0.2688901847169006,0.15968947149375687,0.14891318830137867,0.1796002792490936,0.20611242703096294,0.2827187397887095,0.32652795562912135,0.29175083576528693,0.2456299411251506,0.27673416006450846,0.3527885014243511,0.39819043749565763
0.171931344297195,0.1595225274731787,0.14575858743141934,0.14460483769474874,0.14610965355532926,0.19163448170659614,0.20450401560472822,0.15386878153114877,0.1286701878503334,0.2111863043907162,0.3376001619704774,0.3086089298947007,0.25722090032260947,0.2017907974966616,0.16981857816121015,0.15864255443304928,0.1655043054685347,0.1561314165280778,0.13029479454816453,0.1274863720175364,0.1548274278671485,0.22492278947954472,0.2784267713871419,0.2578945075411804,0.2418372308399905,0.17900711542281608,0.15223303503284286,0.16573807271179805,0.19419936097820054,0.22877329183557624,0.2733234623926536,0.2797276250533186,0.2675597228174133,0.24635992524320005,0.20125627366017,0.16376771114673871,0.12935250834314582,0.08684798461389082,0.0,0.08890156523991904,0.1101451718464374,0.14315207702713997,0.17214821792293702,0.14237858562616945,0.1342811925068991,0.13170441309576006,0.1206585824361932,0.1391566575647675,0.14382599312311867,0.1342743872179221,0.12939922099516404,0.13205968598701545,0.17089321857321974,0.21541733960700415,0.17405977488848656,0.29904169488416427,0.4257934289672331,0.4154006048578696,0.24998397483307,0.13889237690072065,0.13265689244789003,0.151415744682358,0.18306796979344836,0.24998055981989908,0.30825887070177865,0.27727730448001475,0.23544006996927125,0.27735744558315,0.3458624601744635,0.37237633614046944
0.14435905981090333,0.14196899446596833,0.14048609739396853,0.1522826114274321,0.14457371508617803,0.19293418349695382,0.20158686003403165,0.15628264953596685,0.11495751023740892,0.1829412966397463,0.2818036977952712,0.26815227888439336,0.21869578116020436,0.17304386166362104,0.1439476780601284,0.14098627631938251,0.1516656563314923,0.15118894598688148,0.13228517390203703,0.11240307769749816,0.13947714223405183,0.2026185280514428,0.23963366145987258,0.21930627552781976,0.20422128435872422,0.15385219766865063,0.1204721586888733,0.12428707503471474,0.1434125611419352,0.1866513457328686,0.24607616276186153,0.24198798767944485,0.22518676945692706,0.22467280966269115,0.18832475528674883,0.15369088711416523,0.13564815987663448,0.11804440811001639,0.08890156523991904,0.0,0.07892185510471132,0.13056496080493427,0.16063215513944518,0.13830241219991415,0.14776796127775102,0.1265599572998546,0.11636533913595573,0.13700372210406894,0.14161445642061832,0.11817938856979313,0.12162424432547185,0.13174995792016653,0.17109980671378774,0.2178205096395992,0.17361128178854687,0.3041486372562467,0.427493815128837,0.3853935611017249,0.22939726893871984,0.12572634217228543,0.12315280319892867,0.14711674129337896,0.1862935429715214,0.23808481718380667,0.2878240593301758,0.25995728005068497,0.22973206646110417,0.2705868847524144,0.32796026689058366,0.3721316995982389
0.17142466180306104,0.15768328735738177,0.16602248018020835,0.16484540082191818,0.16169638623149082,0.2108481311291422,0.2169460269263628,0.16810315301742654,0.12151908835497151,0.19749558567062522,0.3078909710241586,0.29050836894049614,0.2402946131770394,0.19170149164958947,0.15035086857652608,0.14194443003201485,0.1545415984929061,0.16953307704591242,0.15185668921372109,0.12560995931589308,0.16247072436196813,0.2171373657147361,0.2593892860076109,0.23476150753437122,0.22369525257078807,0.16670102860246022,0.13131147284807818,0.14060519484083006,0.17092660488207895,0.2137620384727672,0.2761264699072798,0.27067218220985007,0.24976863341833713,0.23683775544946034,0.19537157556705673,0.15985616601837296,0.14129709799677503,0.13493158636149732,0.1101451718464374,0.07892185510471132,0.0,0.10097884912511516,0.13765480870231328,0.14265159530427357,0.16189256127432805,0.14396589846171753,0.1271220097680493,0.14411474682500158,0.14698857585780897,0.13281293250194331,0.13656240421966945,0.12342260225792899,0.1774313873260931,0.22476010988333525,0.16928598001470516,0.28690948063832095,0.4108569482791505,0.39185427055970173,0.25522855839020836,0.1390298807059729,0.12417329873471518,0.15225677708987892,0.17934113679841598,0.24562613600977895,0.2850054578038954,0.26371141746889293,0.23882933043225418,0.2745420752964928,0.33139243032911453,0.3776286463547497
0.2584699098104778,0.22779805719231372,0.21898706178340446,0.1956651872469174,0.16127602175341052,0.19886898897802027,0.20198843400468838,0.16102057970979178,0.16269928693481345,0.2712847371378374,0.3715295565784673,0.354281797055961,0.2906482343182674,0.24165549122611985,0.20933568455582197,0.2093263056139218,0.224633081833542,0.1943420768789233,0.1706638302495759,0.14253178668868086,0.16813565601232777,0.23368386189364,0.2641834395080645,0.27205201428086834,0.26825042867764715,0.2216412306238466,0.16962861098776746,0.16704089115139126,0.2064009751606109,0.26366356804285457,0.32647733700725845,0.3262147127638403,0.3064593683584304,0.2734685040320114,0.23984032185600448,0.2074014662284566,0.17546270400209835,0.15605547551668322,0.14315207702713997,0.13056496080493427,0.10097884912511516,0.0,0.09870533489149247,0.12974013975103443,0.1553442705889109,0.14464042593283316,0.14392544079481376,0.1405435253451589,0.14982865668635553,0.1560013417839655,0.1725646005121386,0.16230700805734022,0.17813460967093442,0.20733624479891993,0.18886410855590957,0.330562859893284,0.46225691470832425,0.46302228726214006,0.3145576418210327,0.16505880939333736,0.13774407141144074,0.15747009162207437,0.18422419412778646,0.254574654898068,0.3003601416825205,0.2807607666392591,0.2296476756301246,0.2585204117324694,0.31541516196145514,0.35797333310596924
0.33462575694288416,0.3029479922726501,0.27122719191564043,0.25693322219137105,0.19503819679368603,0.2010758065438201,0.18802266482153496,0.15448974004543062,0.19671151518741056,0.34744953030900816,0.5023669510092093,0.4615248978735134,0.38482126009868217,0.3349155391003974,0.29174793479177835,0.27026898933546084,0.2781170515028601,0.25212027287274613,0.19949788241766409,0.1508071815696431,0.18848739745821824,0.26897362407913594,0.3159918799567097,0.3544688797753983,0.37931682844840364,0.2895862666599495,0.2341541512496605,0.2309927969360346,0.2707716379613231,0.3431136082393608,0.41579092257222,0.4115121766979122,0.3922850762164592,0.32883771276061347,0.28051631501931135,0.25508621795488867,0.2176585254282525,0.1858310898970081,0.17214821792293702,0.16063215513944518,0.13765480870231328,0.09870533489149247,0.0,0.09165058846113587,0.14307249064684854,0.15038840028391726,0.14444652939458597,0.1438232088419023,0.1467838404250217,0.16280357053939312,0.20048722827211193,0.19742811672891417,0.1999118471725324,0.21878526005959004,0.20696699588747294,0.38782738383972415,0.5206169936992956,0.5284154534368409,0.39655610314782375,0.2052442197002991,0.14111700908779704,0.1526664281678073,0.19080429155534373,0.27467110670874645,0.32915230707781956,0.29086300679254706,0.22348196492159014,0.22746044866777276,0.27610363386108,0.329055683506874
0.2820051685942592,0.2504717763467717,0.22259821430047427,0.20617756582226499,0.16898719063379575,0.1461138712944848,0.14351983645823832,0.12394125031627323,0.17406444620062383,0.3971197568452513,0.5851925091411883,0.5105468665651247,0.3819660467907947,0.3173562046624345,0.28648089477471217,0.2455444908862017,0.22849546255368897,0.19938575226989724,0.14364574983456518,0.12455234483071091,0.19019796156154065,0.290221585844655,0.36531924346616423,0.39237508544171545,0.42837495217507743,0.31036382543650864,0.2333130599932454,0.23775942088019397,0.2757601764826943,0.35111355052766335,0.43178361956534644,0.41193123699920753,0.36334011428158997,0.3238606829132394,0.26211445327403937,0.21801642880848857,0.18403243221372798,0.1583635999483202,0.14237858562616945,0.13830241219991415,0.14265159530427357,0.12974013975103443,0.09165058846113587,0.0,0.09933187827156507,0.11830132861477997,0.10395543261040352,0.1290204874247207,0.13123430328184307,0.13678742265950994,0.16774203774887117,0.1859804158268076,0.20817180497382295,0.23600792318110245,0.1983449097646198,0.3627870801061323,0.49886485790669627,0.4788212047219038,0.3813171122976638,0.20516268181007088,0.14482303104139696,0.14026042475955486,0.1892428343943008,0.2746313300730529,0.3332178310088242,0.2897953007427305,0.22254335445108375,0.20185088136723897,0.2739463213045445,0.3287309019583198
0.17706437629370028,0.15521874331031194,0.13858028450762194,0.1150485090197766,0.10698681951514062,0.13877238950306695,0.14599499557107717,0.10623145785556705,0.1454573515847548,0.33093980641487475,0.5054614328457203,0.46431098412224964,0.3684545722897515,0.2892335586944691,0.22780152729879521,0.1712845387582965,0.13995687005960683,0.11744626646942125,0.10106461346456402,0.11571169434011941,0.18025150904358256,0.3092391729488924,0.40181186750476816,0.42510161501260596,0.4031941048645125,0.31240094121678247,0.2599898138652213,0.27383352078259465,0.29422307640111206,0.31367367581074745,0.35797324444555884,0.3566806745999624,0.31959184394846135,0.29759694483906207,0.22891462712773453,0.17625841034908019,0.13902606885039429,0.13089845194910452,0.1342811925068991,0.14776796127775102,0.16189256127432805,0.1553442705889109,0.14307249064684854,0.09933187827156507,0.0,0.06595733921595989,0.10369676038118775,0.12974497338181967,0.14046380060156252,0.1348241023447315,0.13282337616182385,0.15228360449386524,0.17314298282989463,0.19030241674826132,0.17321598002836033,0.3071576337278055,0.42496665322360855,0.4166887836006775,0.30464907205339115,0.18838101439839433,0.12455517810425641,0.13414493017659146,0.1864853073889621,0.26781128351484257,0.3148650530806246,0.26163724801534693,0.18392504220474368,0.206906141979645,0.31504580086593387,0.3549230267290332
0.15136031052447702,0.13060389924384808,0.12287957111452413,0.11760145652931456,0.12110791657218949,0.149597220656486,0.15860538218559964,0.1278577227061444,0.13367254134830456,0.21171770983812757,0.35324743631684075,0.32654842792136535,0.27728864047172885,0.22121759464068444,0.16718660914909203,0.1251677569760182,0.11846150169338118,0.11537747597557059,0.10743639900011223,0.11844000369979575,0.15863191772199373,0.24385241179197392,0.31712804209164797,0.315102524773899,0.2787216595407617,0.19945701116660558,0.17478495437311303,0.20313891710739346,0.22989665684049929,0.2389508831788849,0.27131410608430195,0.2612666705627159,0.2540721697972127,0.2476101057770481,0.18913981105776087,0.1498098369798702,0.13233391598759614,0.13277184023858987,0.13170441309576006,0.1265599572998546,0.14396589846171753,0.14464042593283316,0.15038840028391726,0.11830132861477997,0.06595733921595989,0.0,0.07945193657699023,0.12440529602899913,0.14233513767552997,0.13472730743440006,0.12826958467674365,0.1457419690196721,0.1700399417934607,0.19240284248677714,0.1629405321785428,0.2875774576200217,0.39157645167907396,0.3826490838870443,0.24767085400987632,0.15801780011772082,0.12524001830865175,0.14162650141287253,0.17713141723613998,0.2344181134666001,0.29984791846628306,0.2480036917633359,0.18895721695390866,0.2287760085130285,0.3138425474328089,0.3439392820583971
0.1984132180344935,0.16904066769963205,0.1587252897840607,0.15001090710902368,0.14716731886414128,0.15497263893602845,0.15606665276073298,0.1308987495570993,0.13226203952037918,0.23108244330391567,0.35873519828770045,0.3295409407645037,0.29382690603408435,0.23157004880610604,0.18663134529985703,0.16519829438328504,0.1555675335878623,0.1467163149928411,0.1214836516851809,0.11936654021837237,0.17085308176859568,0.2545340682079638,0.30752463080186504,0.28372010859581315,0.261292956993859,0.19669271369840075,0.16452789621600555,0.17906367173498716,0.2046896759338196,0.23633280287490713,0.29725344749043403,0.27998487809986766,0.2672172271143819,0.2508170032962136,0.19282402437641197,0.16321625922340274,0.13879177856139163,0.13304457023872793,0.1206585824361932,0.11636533913595573,0.1271220097680493,0.14392544079481376,0.14444652939458597,0.10395543261040352,0.10369676038118775,0.07945193657699023,0.0,0.09475744147360707,0.12355138121308397,0.11442184164212346,0.13124445010887417,0.1431530230703637,0.1880383990907386,0.2045240981854004,0.17549759140671406,0.2954802010567763,0.4126137684840059,0.407074478578877,0.276396516893722,0.15356620663459686,0.13706257862566285,0.15187466902496044,0.18269365019217695,0.24998518771660583,0.29069894869004614,0.2567217783034927,0.21636581674629674,0.23096435147085978,0.3013927122244397,0.32586829261136196
0.26569463232216156,0.24230325861019142,0.21870907325077446,0.19804939783550868,0.17243230048826572,0.17895319037806467,0.16147817154276145,0.13140706911814043,0.18402533159613088,0.3047466996984865,0.4605177923595363,0.4214809668504631,0.3561466692569569,0.3028336344375695,0.269363644577969,0.229743466217828,0.22291050563496426,0.19260951336160426,0.14457016975582693,0.13852279332151032,0.18536371363234455,0.26977053150526786,0.3184783558675019,0.3385674692631128,0.3467175229622315,0.26099553060693553,0.2094813307004553,0.2203181227687089,0.24878767924069212,0.3063935571427926,0.3664576677933614,0.3543647489665499,0.3319006248146957,0.30331362992163,0.24621586714611227,0.2042177796688249,0.17166609164916788,0.14799386422575853,0.1391566575647675,0.13700372210406894,0.14411474682500158,0.1405435253451589,0.1438232088419023,0.1290204874247207,0.12974497338181967,0.12440529602899913,0.09475744147360707,0.0,0.07554791243511681,0.11388880389899941,0.15119524859861103,0.15754487284606683,0.16243275461838855,0.18057805250781964,0.18228952047297736,0.32220507966290773,0.45983921645577225,0.4645264159941222,0.34650072140435567,0.1910475261546522,0.14258595342815977,0.1666114428116223,0.19347005774673065,0.27442166945573326,0.3226848839532553,0.2841476512508042,0.21363176246495197,0.2227983972319224,0.28024561835017425,0.32668175206585764
0.2603694240628425,0.2424755039117813,0.2266224085612241,0.1912463445046134,0.17352645894915497,0.1603635715093353,0.14993343616983965,0.1346321937580221,0.19647570093089997,0.3432455479082477,0.5074599322411313,0.46037234123661713,0.3665175351214763,0.32456351117853033,0.290620011308913,0.23739460975987398,0.2230739118423864,0.18691616171848685,0.14178497983721353,0.135401986160341,0.19942164623603553,0.29322663147225075,0.342549704188224,0.3654137154828607,0.3904262689704017,0.2889771329095319,0.22732447435552117,0.23998918090468402,0.26826153209630044,0.34238608672098647,0.3963522223406145,0.38412267056813904,0.34300608222556755,0.3179220381467266,0.26095741869683436,0.21952443177841885,0.177316468907064,0.1578963367482411,0.14382599312311867,0.14161445642061832,0.14698857585780897,0.14982865668635553,0.1467838404250217,0.13123430328184307,0.14046380060156252,0.14233513767552997,0.12355138121308397,0.07554791243511681,0.0,0.08796480141231709,0.1371794708973085,0.15840092833988212,0.17481260429307174,0.18591767458691283,0.17909405232824316,0.3251346062160635,0.47569046128338466,0.4714397779589233,0.36169576582485363,0.20103461843196946,0.1622508656678165,0.17590179753874297,0.20631749884587625,0.28019374551719345,0.33706001036126165,0.29086633536216466,0.22612373480373216,0.22073425157285922,0.2841586283557995,0.32937041584178806
0.18382548356700845,0.1761107725499836,0.1719087866775725,0.1610168840876101,0.1448045502490064,0.14030234235804698,0.14137689431619577,0.1283618291940733,0.1820825674340421,0.29048568152199206,0.4528947659757436,0.4073493507898908,0.3167042172768568,0.26673559647869927,0.22717349580097593,0.178058537353195,0.17313453503884865,0.15483444529423232,0.12269149142662737,0.12549487086886643,0.18408624213589078,0.28168339873844084,0.33710399191054463,0.33457252358802647,0.3338281035764014,0.24948211893097214,0.212418905469495,0.22139346188473355,0.23657575743266207,0.27695324640203767,0.33211268792074383,0.30398738654117446,0.27974620256279037,0.27939544771702846,0.2302819674577119,0.1864247234737433,0.15862436312659522,0.13909656658887298,0.1342743872179221,0.11817938856979313,0.13281293250194331,0.1560013417839655,0.16280357053939312,0.13678742265950994,0.1348241023447315,0.13472730743440006,0.11442184164212346,0.11388880389899941,0.08796480141231709,0.0,0.08966892934325768,0.1375900842006849,0.17976210184462463,0.18586239518385125,0.17237917553772608,0.292435699963894,0.42350764627100895,0.411980304157835,0.3082122501490891,0.18353388053104658,0.17287166792903247,0.1880835454707245,0.21703592221293536,0.2936103297809291,0.3303712173512378,0.2855771801385516,0.24025296015195155,0.2268445542463014,0.2856244903971021,0.310414248699316
0.14166903163953384,0.1390021141716157,0.133910052416571,0.12883292348052833,0.12808962456443948,0.16378060888542798,0.1680270890094859,0.1393193297930719,0.15891345781356372,0.21542733564028677,0.35589113288577506,0.3166352162470403,0.25747750128597086,0.21593561556234267,0.17574776678382506,0.13849445379212086,0.1377177402352249,0.13228586366765113,0.12531747909938004,0.13208731767352194,0.17582087649978384,0.2590830283403321,0.3111722338598433,0.2832595256638142,0.2507757369418103,0.20118187745066138,0.17826073859957905,0.19430586110620293,0.20699961739213868,0.22930662411214667,0.26851368324500147,0.2555458126194521,0.23483739900786088,0.22855380735876815,0.18486561692325548,0.14628667472648194,0.13169402909960085,0.1315343578642304,0.12939922099516404,0.12162424432547185,0.13656240421966945,0.1725646005121386,0.20048722827211193,0.16774203774887117,0.13282337616182385,0.12826958467674365,0.13124445010887417,0.15119524859861103,0.1371794708973085,0.08966892934325768,0.0,0.09769685751625377,0.14884114358516723,0.17728801815128317,0.15337111593138064,0.25345152225769246,0.36983797486381015,0.3516193937772972,0.24567522061210412,0.16956769329733287,0.16958115929743575,0.19947455092860875,0.22078862298173146,0.2825016316447122,0.3342932033885819,0.2928721145825993,0.2555499778986697,0.258842384064535,0.32598476875554977,0.3499473719278168
0.14237955150737647,0.14176516463073066,0.12602257862853639,0.12495155213026145,0.15035821872045305,0.17755239775624843,0.19309212210962734,0.14990614985318432,0.15355973222316344,0.21487545968911215,0.3123632849433498,0.2981692726092161,0.2558902326096674,0.20802950937218995,0.17014123862119424,0.14851271226219448,0.14690085523040194,0.14088209334911084,0.13040067107159747,0.1304329336452225,0.17524328095834033,0.26173009151520743,0.2990232346977761,0.251021669788347,0.22282854808445113,0.18788093706928893,0.1645074659992256,0.1789776476979203,0.18121826031453558,0.2071902417018356,0.24994435272748913,0.2442895674932986,0.21900082112643696,0.21240787332275401,0.16907718142730718,0.1395930293530657,0.13290106594063725,0.1402742181275055,0.13205968598701545,0.13174995792016653,0.12342260225792899,0.16230700805734022,0.19742811672891417,0.1859804158268076,0.15228360449386524,0.1457419690196721,0.1431530230703637,0.15754487284606683,0.15840092833988212,0.1375900842006849,0.09769685751625377,0.0,0.09555853081012207,0.14708733861961007,0.1382341339785007,0.22651501264059803,0.3378504055133979,0.3292424487598894,0.2216727848416114,0.15412399729788678,0.1572888080277581,0.19237433812415491,0.2239148607090711,0.29597819716939333,0.33682613072303186,0.2928106187837807,0.24458008719254387,0.2642229085757529,0.31353729015592774,0.363920844340839
0.18145657511833943,0.1840158411150309,0.14433452751108145,0.15574208104718987,0.15709854066026388,0.16161122617133905,0.17199924043408144,0.18486392716791272,0.2106700820467523,0.28041770432194446,0.4006098429634503,0.385802276841529,0.339935273468965,0.29324051695183434,0.24944354642381558,0.2094753085606057,0.20499965781188628,0.19781094910146757,0.18620157488731187,0.17503643776944744,0.23737490843022133,0.31504586824940867,0.3478009972171083,0.3311157599492775,0.31040976221202476,0.2567375539481678,0.22264232881693022,0.24064241622850144,0.25424215653777216,0.2957427240312136,0.30598885386270264,0.323054247411663,0.2932147906832355,0.2610149491463667,0.2121795087889881,0.1755369857185742,0.18737103993219806,0.18388552386419335,0.17089321857321974,0.17109980671378774,0.1774313873260931,0.17813460967093442,0.1999118471725324,0.20817180497382295,0.17314298282989463,0.1700399417934607,0.1880383990907386,0.16243275461838855,0.17481260429307174,0.17976210184462463,0.14884114358516723,0.09555853081012207,0.0,0.08565837889145168,0.11600545872594446,0.20332576423003032,0.33864115971592307,0.3602660934920803,0.2670413149709691,0.19856877265567505,0.1864851878317534,0.20520986019917767,0.26726396608272496,0.3267959608973814,0.3779059804136427,0.3234489691196503,0.2495268668736896,0.2181132218030511,0.2324672961908269,0.2759586833804071
0.2106074950613948,0.21270904590615156,0.16894644364826042,0.18363106514390057,0.18438909378114995,0.15847687759305554,0.17892970730932845,0.19804197958196876,0.25062059830846495,0.3076412068157819,0.4296612914860018,0.41573467758914057,0.3871405560528595,0.34476356382515894,0.29368157116017046,0.2472052232070552,0.24191634672666076,0.2277906816636581,0.22616893442410546,0.22738478728343847,0.28589429128570565,0.3636996228829,0.4147082066173138,0.39256218621916866,0.3551105534697895,0.29896283812064484,0.31353764559377784,0.3627372354547196,0.37256105012561347,0.3503927208864883,0.3633692393034061,0.3643885050124754,0.36311410643457187,0.33364455309391394,0.2518314397516163,0.21295517189448598,0.22458340126594414,0.22215862308411488,0.21541733960700415,0.2178205096395992,0.22476010988333525,0.20733624479891993,0.21878526005959004,0.23600792318110245,0.19030241674826132,0.19240284248677714,0.2045240981854004,0.18057805250781964,0.18591767458691283,0.18586239518385125,0.17728801815128317,0.14708733861961007,0.08565837889145168,0.0,0.09334178212795828,0.190270012247989,0.35837831253196223,0.4023145535278936,0.30330692066371623,0.2399430195050765,0.21778736529321732,0.23019533388884558,0.28290750496120237,0.3728350134906918,0.4075187263786766,0.35865043232394017,0.2799103229730863,0.22436796036886789,0.23741742113308031,0.28532358541609026
0.14782288906833427,0.14101422597551033,0.12465252023096532,0.13384440016716115,0.14658339810728052,0.15563473426691177,0.16839443277319205,0.16009645351701526,0.18823423594987915,0.22002642231126981,0.321501369256292,0.31563275408715596,0.303020805062401,0.26500226060241827,0.21654019278931164,0.17053180362043416,0.16549200541143186,0.15915401714108346,0.17384142275607783,0.17595341673224685,0.24307951705201597,0.30849080120110794,0.3465571022630452,0.3204913947162933,0.2652565687273023,0.22090853560774243,0.23350463513591851,0.28028588875201216,0.29170780280208847,0.27096708396161895,0.26914074555109463,0.2586591174559923,0.2648785011513273,0.24892895976391036,0.18246168583805644,0.15858047136774214,0.17512764315378168,0.1788537891680379,0.17405977488848656,0.17361128178854687,0.16928598001470516,0.18886410855590957,0.20696699588747294,0.1983449097646198,0.17321598002836033,0.1629405321785428,0.17549759140671406,0.18228952047297736,0.17909405232824316,0.17237917553772608,0.15337111593138064,0.1382341339785007,0.11600545872594446,0.09334178212795828,0.0,0.17635085869828337,0.3264705410403913,0.3201590397389329,0.2336221257469192,0.18775973029734241,0.21706437912541926,0.24964433999403784,0.27065247070609116,0.31890365351190025,0.3553946869632911,0.31415748387245523,0.26397290891237446,0.2365166812227485,0.25626643494894635,0.3054209212550423
0.23493764214016172,0.22043384833237234,0.23392726845974457,0.2448416557291658,0.25025835827535003,0.2701042183892788,0.30010714559476154,0.2801356391167263,0.26108400880745664,0.17013408698816496,0.17202148229243516,0.17511377353258228,0.18688451120987554,0.2090093527558009,0.21109564482705503,0.23583791830302808,0.2626548756400844,0.2596804690400055,0.2641513203141306,0.2851490609194975,0.3360163225333082,0.2948997777727113,0.252413591414012,0.18491749067517066,0.17158407861407518,0.19342743810731375,0.23009532848333844,0.2713693455548427,0.26254401756301826,0.21010371648102238,0.1819275423780132,0.19792531370429248,0.21231902001552022,0.1996462977474175,0.1845674358832216,0.2355458066964961,0.27480905806287426,0.30384639888902,0.29904169488416427,0.3041486372562467,0.28690948063832095,0.330562859893284,0.38782738383972415,0.3627870801061323,0.3071576337278055,0.2875774576200217,0.2954802010567763,0.32220507966290773,0.3251346062160635,0.292435699963894,0.25345152225769246,0.22651501264059803,0.20332576423003032,0.190270012247989,0.17635085869828337,0.0,0.16646386587003748,0.18724373721719745,0.14304970269738987,0.15771010708635813,0.25897850477233314,0.36806882962641135,0.34173095500429485,0.3311299129834188,0.3411650965698197,0.33440350780433986,0.4026987837632997,0.3856929877238293,0.41336688061144905,0.45468037824378127
0.32631785295029625,0.32037280010496466,0.3406876543017247,0.35223614327341357,0.3619723888075169,0.4178499764919467,0.4468848736222624,0.41047151005593974,0.37451552542121413,0.25111501822874926,0.21568607848508456,0.20708436002047656,0.24816160484007646,0.2975611591582839,0.32993884502186455,0.3561814579013011,0.3621663248212616,0.3719930814759642,0.3771753761066895,0.39816478213508133,0.43691293787437757,0.3559182282569238,0.2801381757948061,0.23536825003848358,0.24918200567521404,0.26565973949515587,0.33027574093809425,0.3626397286391655,0.3509470941778269,0.2954302126769967,0.2600809659896761,0.25572395819290533,0.24947250749781538,0.2467403651307244,0.27141189204550253,0.3369810048584656,0.39958014277955506,0.4298218044998841,0.4257934289672331,0.427493815128837,0.4108569482791505,0.46225691470832425,0.5206169936992956,0.49886485790669627,0.42496665322360855,0.39157645167907396,0.4126137684840059,0.45983921645577225,0.47569046128338466,0.42350764627100895,0.36983797486381015,0.3378504055133979,0.33864115971592307,0.35837831253196223,0.3264705410403913,0.16646386587003748,0.0,0.06601816478939272,0.12210446506711467,0.2272564409128748,0.367344019627168,0.47126470578223506,0.44372551888550127,0.39959057483226673,0.41650037636398324,0.4445342967434693,0.5016480572116567,0.5537831213666463,0.6232920774167575,0.6545500620917626
0.29796897870539774,0.2974283720224191,0.31629516365178423,0.3278410353202777,0.34802317125708626,0.4163791223838227,0.4477763807328508,0.4069727280805798,0.35560094011381693,0.20525677603888198,0.1722431881957064,0.16988750440780392,0.19307499941157874,0.23559843108036108,0.27452327582306874,0.2964202138680126,0.33644587039569,0.3518520576984047,0.36191990521557843,0.374350494299402,0.37976467518980067,0.3055512150029642,0.22975929541526413,0.19366647267711282,0.20892624471553067,0.2317599116513631,0.27680617172926014,0.3115795487325228,0.2896466887626445,0.23524224448870917,0.21073714675713187,0.20909632530939282,0.21331751136560356,0.21619108583846633,0.23977493253559076,0.3063819165235469,0.3845731416569581,0.4170019342293832,0.4154006048578696,0.3853935611017249,0.39185427055970173,0.46302228726214006,0.5284154534368409,0.4788212047219038,0.4166887836006775,0.3826490838870443,0.407074478578877,0.4645264159941222,0.4714397779589233,0.411980304157835,0.3516193937772972,0.3292424487598894,0.3602660934920803,0.4023145535278936,0.3201590397389329,0.18724373721719745,0.06601816478939272,0.0,0.08640365999901778,0.19204934607433585,0.32262736892633,0.43792903360696783,0.40227568829183136,0.36453739335871943,0.38844379195101875,0.42356995212017706,0.5001995773278198,0.5947385289564783,0.660118612974259,0.6877945442379207
0.20603447341418854,0.20047719800485236,0.21037570300993194,0.22485612541366864,0.2562175748086025,0.3364301965821151,0.36071854919754043,0.31261695177384846,0.21057981297062153,0.143727585452193,0.1317440044675453,0.11287137161173254,0.11580737398980434,0.13155429220289064,0.16204225162986863,0.17000813393513145,0.20123618937285928,0.2366379837222796,0.25082821792743815,0.27021763750369826,0.22514938899682035,0.20978808313489453,0.1606386967815608,0.1318216327935992,0.1420258288365214,0.1454747088969749,0.16979540060232934,0.20311478581430922,0.17300662003633518,0.12531389400831824,0.13937523473539007,0.15424464706602942,0.16874461639884097,0.16235317543673353,0.16290059931401454,0.19798507648127875,0.24193085116180474,0.2688901847169006,0.24998397483307,0.22939726893871984,0.25522855839020836,0.3145576418210327,0.39655610314782375,0.3813171122976638,0.30464907205339115,0.24767085400987632,0.276396516893722,0.34650072140435567,0.36169576582485363,0.3082122501490891,0.24567522061210412,0.2216727848416114,0.2670413149709691,0.30330692066371623,0.2336221257469192,0.14304970269738987,0.12210446506711467,0.08640365999901778,0.0,0.08793403655836457,0.20055963644072158,0.29469974348893924,0.2706616659383898,0.2646137405031673,0.2992481797654462,0.3265420925790934,0.37770570649302826,0.5072146407240374,0.5639844130247009,0.5925699004970041
0.15588579468539523,0.14703308426353584,0.15849401381227998,0.17034140622771013,0.20604973650333547,0.2654235898051897,0.27493912038191487,0.21679419792332907,0.15128601833629474,0.1332708968754701,0.1445390545905907,0.1378569090695303,0.11993866045776853,0.11140797253572236,0.12281076194635819,0.13514159780187107,0.1501369124739352,0.15894110364293174,0.15418369181509126,0.154279869948782,0.1464715150345154,0.16801984845197307,0.15622900375987533,0.12534457056740725,0.1204988360513512,0.13118429992501787,0.11610622782847754,0.12149253834948275,0.10972390820430146,0.11259246871390678,0.1448366952922925,0.16639088122352594,0.17986398509160606,0.16897242242325297,0.1559739053381385,0.16924749800873765,0.16506041747037287,0.15968947149375687,0.13889237690072065,0.12572634217228543,0.1390298807059729,0.16505880939333736,0.2052442197002991,0.20516268181007088,0.18838101439839433,0.15801780011772082,0.15356620663459686,0.1910475261546522,0.20103461843196946,0.18353388053104658,0.16956769329733287,0.15412399729788678,0.19856877265567505,0.2399430195050765,0.18775973029734241,0.15771010708635813,0.2272564409128748,0.19204934607433585,0.08793403655836457,0.0,0.08846307266447175,0.16674963923036304,0.18046335964911375,0.21799522272943248,0.25720314280319306,0.2412907432807758,0.2578128208774929,0.3351820795587775,0.39353359753859257,0.44855399454228184
0.15483074971814217,0.14267516660116117,0.15018911355677406,0.16054522496972504,0.17857445422435056,0.22937205861213478,0.21845097181443582,0.17223104669656178,0.130370670681041,0.17891795829584137,0.25925390498044787,0.25684214692403873,0.21210264260410683,0.1677382848249038,0.1448609101355998,0.15681017632428337,0.15589816419625224,0.15058016033567287,0.13128845597957128,0.10224167122311249,0.11961828477270503,0.1745650218078149,0.20080325775620447,0.2203007457851311,0.1928855304746796,0.16228697094567512,0.12828863842446864,0.1314557620078798,0.15382278309563058,0.17758541954455598,0.2235813899422367,0.2382318094671007,0.24625246699099276,0.22479225589565613,0.20455924237596088,0.19492175516043284,0.16790015454628496,0.14891318830137867,0.13265689244789003,0.12315280319892867,0.12417329873471518,0.13774407141144074,0.14111700908779704,0.14482303104139696,0.12455517810425641,0.12524001830865175,0.13706257862566285,0.14258595342815977,0.1622508656678165,0.17287166792903247,0.16958115929743575,0.1572888080277581,0.1864851878317534,0.21778736529321732,0.21706437912541926,0.25897850477233314,0.367344019627168,0.32262736892633,0.20055963644072158,0.08846307266447175,0.0,0.08308896791432396,0.14137374130217617,0.196775836420124,0.2421695608578706,0.22240720785493712,0.2142013441998628,0.2746172839060439,0.3327445003244385,0.4077618009458894
0.19730691753445612,0.18365763775706284,0.1830180472855124,0.18330856146192684,0.19395937174591885,0.23368884294269088,0.22028111038406098,0.16650272078249645,0.1602754419672103,0.2640053033599795,0.39762192160415066,0.37072385355418447,0.29860523325159394,0.24940271359215516,0.2176257532510055,0.18734230325565485,0.18179694271955718,0.1832208770498308,0.15432715222998478,0.11603229459712,0.13328383249811768,0.2032658786416872,0.2719097359014795,0.33068391444639017,0.3207754840057142,0.237997947179655,0.19036066525970136,0.20294644762360656,0.23781465282845624,0.2812719075193273,0.3283172395072122,0.3358341651341805,0.3230822342958074,0.3021653535535323,0.26223702196917426,0.2206147526013438,0.1977170340303103,0.1796002792490936,0.151415744682358,0.14711674129337896,0.15225677708987892,0.15747009162207437,0.1526664281678073,0.14026042475955486,0.13414493017659146,0.14162650141287253,0.15187466902496044,0.1666114428116223,0.17590179753874297,0.1880835454707245,0.19947455092860875,0.19237433812415491,0.20520986019917767,0.23019533388884558,0.24964433999403784,0.36806882962641135,0.47126470578223506,0.43792903360696783,0.29469974348893924,0.16674963923036304,0.08308896791432396,0.0,0.10147625944540596,0.1941664446254788,0.24101815298350496,0.19701591986212835,0.1727963735406042,0.24561736038197787,0.33886619382150196,0.41290745308716853
0.2477741397494887,0.23826529219287768,0.2259379831988627,0.21523664788111924,0.2306424451704072,0.28099098713981535,0.26942900585272794,0.21230904935969552,0.20477081958120244,0.22955545246173442,0.2957480149583689,0.29250175619341084,0.24726892538245326,0.21756048092899796,0.22001925646850093,0.21147708746289784,0.21480989396110842,0.2299813168872045,0.2106569143598622,0.15701058965909775,0.1286428113921106,0.16724438204363157,0.21529547372239688,0.23782447942774648,0.23675649020349673,0.21575253062817057,0.1916271722982048,0.18239958810145457,0.20710754779624058,0.24328683444177554,0.28471262685964155,0.3099914388681651,0.3076910699035307,0.28665706524452317,0.26690338059639407,0.24541315978292058,0.22898365090086312,0.20611242703096294,0.18306796979344836,0.1862935429715214,0.17934113679841598,0.18422419412778646,0.19080429155534373,0.1892428343943008,0.1864853073889621,0.17713141723613998,0.18269365019217695,0.19347005774673065,0.20631749884587625,0.21703592221293536,0.22078862298173146,0.2239148607090711,0.26726396608272496,0.28290750496120237,0.27065247070609116,0.34173095500429485,0.44372551888550127,0.40227568829183136,0.2706616659383898,0.18046335964911375,0.14137374130217617,0.10147625944540596,0.0,0.11459111952977423,0.15631725951627143,0.14657356580817324,0.13919414826531995,0.2577480017281536,0.3581135886388758,0.4410290893373303
0.29446667148166966,0.28755496681920684,0.28540422497374934,0.2719529225902297,0.2975731613706741,0.3479234428789826,0.3595459814802041,0.2910338829953658,0.2587472188792642,0.2595483511758107,0.27666639485898253,0.26702972715486406,0.24870650076113626,0.2414147252238558,0.24548905907460075,0.2428049318543966,0.2648344274081856,0.2909990234214292,0.2841995627712679,0.25011078418241484,0.18364488681066063,0.18688505033990818,0.22275708329094854,0.24700193910327375,0.2549477641240955,0.25265919083511973,0.2259395607734194,0.22978367482163534,0.24828004688133004,0.26316433645591547,0.2909403408542461,0.3139495049046832,0.3073565570513719,0.3143698961665101,0.2997046408169592,0.28980793222050416,0.2959782777858655,0.2827187397887095,0.24998055981989908,0.23808481718380667,0.24562613600977895,0.254574654898068,0.27467110670874645,0.2746313300730529,0.26781128351484257,0.2344181134666001,0.24998518771660583,0.27442166945573326,0.28019374551719345,0.2936103297809291,0.2825016316447122,0.29597819716939333,0.3267959608973814,0.3728350134906918,0.31890365351190025,0.3311299129834188,0.39959057483226673,0.36453739335871943,0.2646137405031673,0.21799522272943248,0.196775836420124,0.1941664446254788,0.11459111952977423,0.0,0.096610079806102,0.10586810076278562,0.16652527588059474,0.3351992557565399,0.4329554752564198,0.49378969690508134
0.34024549667561393,0.337587063212075,0.325894587857502,0.3209893070265907,0.34191107639526896,0.39294927214617803,0.4094650111147815,0.34802161586531405,0.2980114741552885,0.27599225573145375,0.3069891300396472,0.3047489396599783,0.287047371673421,0.2811412467565777,0.2801635953864869,0.27588387982599927,0.3018443867446112,0.3358585214675572,0.33295289506545117,0.296634499381794,0.23535635394076165,0.244041204397433,0.27195021562935795,0.2858247865850388,0.28886701653453517,0.277079151916685,0.27063398756162854,0.267689817914986,0.2840147555528913,0.3051008891549277,0.3159948536439997,0.3494060222454263,0.37785995693706553,0.3492051956584977,0.32566650171465367,0.3310170768135972,0.34581010529323775,0.32652795562912135,0.30825887070177865,0.2878240593301758,0.2850054578038954,0.3003601416825205,0.32915230707781956,0.3332178310088242,0.3148650530806246,0.29984791846628306,0.29069894869004614,0.3226848839532553,0.33706001036126165,0.3303712173512378,0.3342932033885819,0.33682613072303186,0.3779059804136427,0.4075187263786766,0.3553946869632911,0.3411650965698197,0.41650037636398324,0.38844379195101875,0.2992481797654462,0.25720314280319306,0.2421695608578706,0.24101815298350496,0.15631725951627143,0.096610079806102,0.0,0.08964190177806199,0.21081836678501478,0.3962329017582507,0.5034516592171377,0.5568741476502184
0.30598943327342204,0.3033713416895473,0.2835047571088416,0.2732124320613222,0.2839807539048173,0.3345079292096175,0.3353634050269569,0.27783245990133604,0.2545710296679286,0.2755967574879684,0.3476882235969095,0.35723530857964697,0.3303784928991824,0.29487493611422405,0.27181107612895833,0.23861190101878083,0.2479876107767777,0.2818973098475092,0.2788741157039328,0.2547172794124061,0.2276749453193286,0.259368480258922,0.318653997440413,0.3315205475932686,0.3051717545387969,0.28447798166590776,0.26123230950239057,0.259739442016529,0.28768252912810177,0.30279892381581414,0.31286566444368585,0.3462562169650321,0.3760593802118516,0.3394162358514945,0.31079878796554783,0.30045032815444367,0.3091826943651092,0.29175083576528693,0.27727730448001475,0.25995728005068497,0.26371141746889293,0.2807607666392591,0.29086300679254706,0.2897953007427305,0.26163724801534693,0.2480036917633359,0.2567217783034927,0.2841476512508042,0.29086633536216466,0.2855771801385516,0.2928721145825993,0.2928106187837807,0.3234489691196503,0.35865043232394017,0.31415748387245523,0.33440350780433986,0.4445342967434693,0.42356995212017706,0.3265420925790934,0.2412907432807758,0.22240720785493712,0.19701591986212835,0.14657356580817324,0.10586810076278562,0.08964190177806199,0.0,0.1336368316224147,0.30254181531915697,0.4474201971248165,0.48418072364026543
0.28765276737877593,0.2729435976116246,0.2252518364672926,0.20417778095526976,0.20352183500096094,0.20567278731533115,0.20148981863751445,0.17955392097255515,0.2516195421988626,0.36975055122974765,0.5055322761680483,0.4940028905276445,0.4286820735852559,0.3715006016284693,0.34185804450705737,0.24812730203959796,0.2236051852050215,0.21226053606874168,0.20563454193026282,0.19683771115674248,0.22718495586881057,0.3128336429218801,0.42538479499288234,0.47741309205217675,0.4445741827336387,0.3447054170594781,0.30956284492072655,0.3314528418091852,0.35674270365209926,0.38170328049967145,0.36888836900124167,0.4172189884945468,0.4036843551142926,0.38385317096495286,0.33279451797458426,0.2817188613869271,0.2664485310284748,0.2456299411251506,0.23544006996927125,0.22973206646110417,0.23882933043225418,0.2296476756301246,0.22348196492159014,0.22254335445108375,0.18392504220474368,0.18895721695390866,0.21636581674629674,0.21363176246495197,0.22612373480373216,0.24025296015195155,0.2555499778986697,0.24458008719254387,0.2495268668736896,0.2799103229730863,0.26397290891237446,0.4026987837632997,0.5016480572116567,0.5001995773278198,0.37770570649302826,0.2578128208774929,0.2142013441998628,0.1727963735406042,0.13919414826531995,0.16652527588059474,0.21081836678501478,0.1336368316224147,0.0,0.1471908158369051,0.2653777936968848,0.3259863408066295
0.3845882841786555,0.3653293277195022,0.25981785853830297,0.22538180525474588,0.20883953552445988,0.14896026619715608,0.14762688721158582,0.18498905593451279,0.2870496779587678,0.4715231192662655,0.6283024476319641,0.5756708510018136,0.48073336026733154,0.4310956768556284,0.40759652168139093,0.3767524357827811,0.3029629544029641,0.26178630011957726,0.2514506471701427,0.24765485732570608,0.3131237374240621,0.39313789767643853,0.435596775546619,0.46390437057136114,0.4829511717340372,0.37438265995443815,0.3299244825773871,0.3276482799819169,0.3540209122367885,0.4380508286619438,0.5224952484885669,0.5127202136105522,0.4692598354817008,0.4447570373159265,0.4166909347850703,0.35630872723310425,0.3117688083496876,0.27673416006450846,0.27735744558315,0.2705868847524144,0.2745420752964928,0.2585204117324694,0.22746044866777276,0.20185088136723897,0.206906141979645,0.2287760085130285,0.23096435147085978,0.2227983972319224,0.22073425157285922,0.2268445542463014,0.258842384064535,0.2642229085757529,0.2181132218030511,0.22436796036886789,0.2365166812227485,0.3856929877238293,0.5537831213666463,0.5947385289564783,0.5072146407240374,0.3351820795587775,0.2746172839060439,0.24561736038197787,0.2577480017281536,0.3351992557565399,0.3962329017582507,0.30254181531915697,0.1471908158369051,0.0,0.13119952590910677,0.18936831633835088
0.47265169076164226,0.4668464380608831,0.34818653985502257,0.31100713694621407,0.28266144111252767,0.1905363425100443,0.18884604393215818,0.2682593505441513,0.36980431004058373,0.5433919357331927,0.6755838393197514,0.6399421165555629,0.5351275880415965,0.505337479196501,0.47861758640641405,0.47572707568099454,0.40576640520578033,0.3341770532244168,0.3418787328793224,0.3216781288796362,0.3886190893028558,0.4449170164838292,0.45613304611940847,0.47546873454779975,0.5387065903027274,0.4531861542542992,0.3910087377398066,0.37374686788999434,0.38816778970674953,0.4845294582200139,0.5767610973139509,0.5691496691984352,0.5152476329986446,0.4892708040865393,0.45637980492917535,0.43872999067136204,0.3902617504723762,0.3527885014243511,0.3458624601744635,0.32796026689058366,0.33139243032911453,0.31541516196145514,0.27610363386108,0.2739463213045445,0.31504580086593387,0.3138425474328089,0.3013927122244397,0.28024561835017425,0.2841586283557995,0.2856244903971021,0.32598476875554977,0.31353729015592774,0.2324672961908269,0.23741742113308031,0.25626643494894635,0.41336688061144905,0.6232920774167575,0.660118612974259,0.5639844130247009,0.39353359753859257,0.3327445003244385,0.33886619382150196,0.3581135886388758,0.4329554752564198,0.5034516592171377,0.4474201971248165,0.2653777936968848,0.13119952590910677,0.0,0.09208032015908028
0.4697946887372734,0.4492627809832397,0.3869026430348425,0.34514844990506605,0.34224673490466684,0.25467889119492987,0.248139893122015,0.31789521227994877,0.4212660648458489,0.5650747504363878,0.6593279913580135,0.602930975691475,0.5512810749204515,0.5198524326343757,0.5015591333119729,0.490191487691281,0.4273268052836384,0.36691222542783064,0.3739567105854828,0.3716311211604888,0.43972187227919646,0.5048897439335793,0.4909244283087824,0.48973415788660674,0.5606989313915619,0.4998555083092999,0.4642901503075572,0.43440455449570886,0.43868704375055956,0.5113325242019338,0.5796697980102372,0.5766781915137884,0.5449869779098776,0.5154368056041253,0.5053200278443761,0.4531152393880247,0.4236064318229147,0.39819043749565763,0.37237633614046944,0.3721316995982389,0.3776286463547497,0.35797333310596924,0.329055683506874,0.3287309019583198,0.3549230267290332,0.3439392820583971,0.32586829261136196,0.32668175206585764,0.32937041584178806,0.310414248699316,0.3499473719278168,0.363920844340839,0.2759586833804071,0.28532358541609026,0.3054209212550423,0.45468037824378127,0.6545500620917626,0.6877945442379207,0.5925699004970041,0.44855399454228184,0.4077618009458894,0.41290745308716853,0.4410290893373303,0.49378969690508134,0.5568741476502184,0.48418072364026543,0.3259863408066295,0.18936831633835088,0.09208032015908028,0.0
